,id,name,followers,popularity,label
0,4lDiJcOJ2GLCK6p9q5BgfK,Kontra K,1999676.0,72,2
1,5Matrg5du62bXwer29cU5T,Benny The Butcher,266547.0,64,3
2,4e0nWw2r4BoQSKPQ2zpU13,Ray Dalton,39139.0,71,5
3,2HmmA3GhP0xsbRUiDllJUn,Pep & Rash,77599.0,39,0
4,7jZMxhsB8djyIbYmoiJSTs,Kiana Ledé,1351452.0,64,4
5,4N874uPqBka1QiCvnCVOtr,Phoebe Ryan,339160.0,55,5
6,4kwEd1P9j15ZqUVP5zK7Pv,Joe Stone,32782.0,55,0
7,23fqKkggKUBHNkbKtXEls4,Kygo,8134874.0,80,4
8,360IAlyVv4PCEVjgyMZrxK,Miguel,4195623.0,77,4
9,5ttgIeUVka6FLyi00Uu5h8,Jauz,373735.0,58,0
10,2Z9KL8Zmqx5Sg3cd7Fldhl,Olexesh,858401.0,64,2
11,1XLjkBxFokuDTlHt0mQkRe,Thomas Gold,163074.0,51,0
12,4kYSro6naA4h99UJvo89HB,Cardi B,20361435.0,80,4
13,5qZLYtTL3ldN6Uw7OXHESR,Sa4,241730.0,59,2
14,2GHclqNVjqGuiE5mA7BEoc,Common,833451.0,62,3
15,7H3TyvM3dpW78cru0Oaui9,YONII,155568.0,50,2
16,6hyMWrxGBsOx6sWcVj1DqP,Sebastian Ingrosso,938110.0,62,0
17,5uCXJWo3WoXgqv3T1RlAbh,Katie Melua,483771.0,58,5
18,04FsFHujpuqonrPXZrEJlK,Dev Negi,532150.0,64,1
19,1Sl3idO2XzH3AVb6nOjOxs,Reda Rwena,66796.0,41,2
20,1yzgJmZf5CxtFfGfRFm4Si,Gajendra Verma,1688081.0,62,1
21,6y5amJcTjeDgLXIjtQLMst,SAYGRACE,173252.0,57,4
22,78xUyw6FkVZrRAtziFdtdu,The Roots,1216070.0,59,3
23,1xr2G8Hlx4QWmT9HaUbmoO,Young Stoner Life,90775.0,65,3
24,19MVxKZZdPj2X0F8pi0OCT,Sukhwinder Singh,379324.0,66,1
25,0AsThoR4KZSVktALiNcQwW,Chloe x Halle,1857184.0,60,4
26,6vWDO969PvNqNYHIOW5v0m,Beyoncé,32087569.0,88,4
27,0huGjMyP507tBCARyzSkrv,Cordae,1803987.0,68,3
28,2Hjj68yyUPiC0HKEOigcEp,Jesse McCartney,922306.0,61,4
29,5p7mWeX4RlvqBCxylfiXdE,KC Rebell,1159849.0,63,2
30,3Mcii5XWf6E0lrY3Uky4cA,Ice Cube,6028684.0,74,3
31,4xnihxcoXWK3UqryOSnbw5,Sasha Alex Sloan,1174594.0,70,4
32,5wPoxI5si3eJsYYwyXV4Wi,N.E.R.D,761535.0,58,3
33,12SPNXi0aDpFt0rMVbmLrr,Jay Hardway,415961.0,49,0
34,0hCNtLu0JehylgoiP8L4Gh,Nicki Minaj,26039960.0,87,4
35,3gggmBN0erstm3YJvEGe3t,Jake Miller,302885.0,58,4
36,6U3ybJ9UHNKEdsH7ktGBZ7,JID,987676.0,80,3
37,3r82jUxl7ThSdOhB90Qn6u,1019,20897.0,49,2
38,2SveKtmknwwMpYJtuFkYZj,Schubi AKpella,34174.0,46,2
39,6qcIg4IPLulyc03mWR87N8,Kanika Kapoor,425430.0,58,1
40,1wdU1J2NHzcDYarT7jEU2A,Dastic,46921.0,51,0
41,6UBA15slIuadJ8h2lPRPos,Tech N9ne,2523206.0,70,3
42,5WdqBAQhGFCrZvBKXiPIu7,The Him,107823.0,56,0
43,6hMNiBKUQFKpnZ7GTvLVZf,Ali Bumaye,187982.0,47,2
44,0lMa3YTHqQnDDTBaxAV7LK,Ranveer Singh,474708.0,51,1
45,4BzCdhJTyTS3gumq9xmymb,ayokay,158827.0,57,4
46,0lFLP59V4TY3XgnrkFIwxK,Katja Krasavice,375665.0,54,2
47,2otUckChxWf2cp6UP2cD6e,Zuna,977513.0,67,2
48,4xRYI6VqpkE3UwrDrAZL8L,Logic,5783112.0,77,3
49,78TTCmh2koperK5NBn7DgR,102 Boyz,167497.0,63,2
50,5gCRApTajqwbnHHPbr2Fpi,Juicy J,2891371.0,73,3
51,0UTkv1GEUZSPIVZwMFGtf3,GENT,45093.0,35,2
52,2txHhyCwHjUEpJjWrEyqyX,Tom Odell,2371386.0,77,4
53,0p4nmQO2msCgU4IF37Wi3j,Avril Lavigne,9097882.0,76,4
54,67xyhWIvYQK5qr6b0gElst,Rae Morris,65126.0,47,5
55,7oIvDwKGV2SuH4HJl0CKPp,Dante YN,80633.0,61,2
56,5jm3x1qIibWdKSEMw2G011,Moksi,101886.0,53,0
57,7oWrEQO1d3klp0Qrfh7a5h,badmómzjay,291594.0,62,2
58,7KMqksf0UMdyA0UCf4R3ux,James Blunt,2674177.0,70,4
59,5CMaNobmJYgXcfiT0zYOwi,WHIPPED CREAM,57224.0,48,0
60,3pc0bOVB5whxmD50W79wwO,keshi,1889500.0,75,4
61,1Wic7dyEeEpQXDBbDf6HKm,HoodBlaq,60507.0,63,2
62,0XqFDQJjqW5PfhfBCb53LR,Sick Individuals,182154.0,57,0
63,5CdJjUi9f0cVgo9nFuJrFa,Adventure Club,291637.0,51,0
64,01QTIT5P1pFP3QnnFSdsJf,Lupe Fiasco,1782190.0,66,3
65,3c96G4d2lUOxhomM2mby5S,Bushido,1179208.0,63,2
66,1yxSLGMDHlW21z4YXirZDS,Black Eyed Peas,6881366.0,80,4
67,5Ip2ecnyGpNyZvPuuYU8Ai,Dzeko & Torres,107232.0,48,0
68,6M7RdR9ZP52h2mfNLmiHtU,Good Times Ahead,300608.0,55,0
69,2zJ8chFLjiBHRNchfevMRI,SNBRN,100622.0,52,0
70,7uIbLdzzSEqnX0Pkrb56cR,Yo Yo Honey Singh,9404731.0,70,1
71,2LgKrgRJcbJlt14i1LTzDU,Amit Mishra,577615.0,55,1
72,3y24n3XhZ96wgwRXjvS17T,Coolio,685545.0,68,3
73,3ScY9CQxNLQei8Umvpx5g6,Fat Joe,1408217.0,67,3
74,0bMt8SJlp0gFRUufzifS05,K.I.Z,790310.0,66,2
75,4DMzvwya65eu1LsYZ3BLV6,Estikay,58185.0,42,2
76,2JwyRtuXf2l6sTnSnGVIa1,Farid Bang,816132.0,66,2
77,4WoSAKuoaPxrbwp3Y1PvKb,Bozza,62113.0,57,2
78,422RLznpwUa5FsQgnTlgUH,Great Good Fine Ok,121170.0,52,5
79,5g3TY29rk8El8lvejImgso,Bato,69529.0,44,2
80,6hfwwpXqZPRC9CsKI7qtv1,Alina Baraz,1166998.0,65,4
81,3KQylwDxYE7Vxli0BSuwaf,$OHO BANI,57984.0,55,2
82,6vRKWcwC6OphUNy3Ds5O0U,Ataypapi,4107.0,46,2
83,1KP6TWI40m7p3QBTU6u2xo,BØRNS,1093578.0,67,4
84,2TAqN8fwfaKauvviN4pOsv,JC Stewart,76736.0,59,5
85,1ShZZUjkbXCjhwrb18BA8I,Bryce Vine,464953.0,66,4
86,2j2rh3oQh4QEUnNTDKYSJD,187 Strassenbande,1336183.0,61,2
87,19VDJ9IKyBSUMDJxLsasP6,Mr. Belt & Wezol,93345.0,53,0
88,2LZDXcxJWgsJfKXZv9a5eG,Cashmere Cat,318482.0,56,4
89,1RQ3ZwCNI7KniEKIN5kkio,MATTN,144563.0,56,0
90,70B80Lwx2sxti0M1Ng9e8K,Udit Narayan,7228372.0,74,1
91,1vo8zHmO1KzkuU9Xxh6J7W,MOTi,252470.0,65,0
92,04gDigrS5kc9YWfZHwBETP,Maroon 5,37808723.0,85,4
93,4npEfmQ6YuiwW1GpUmaq3F,Ava Max,5630195.0,80,4
94,10exVja0key0uqUkk6LJRT,Vance Joy,2665962.0,75,4
95,188VINPQh5dyNfLUkevKqf,Olivia Holt,1043423.0,51,4
96,4j5KBTO4tk7up54ZirNGvK,NERVO,739114.0,57,0
97,28j8lBWDdDSHSSt5oPlsX2,ZHU,784029.0,65,0
98,31TPClRtHm23RisEBtV3X7,Justin Timberlake,12170249.0,80,4
99,0PVPI2jOWDJtWpOxrXnT6F,Edo Saiya,137224.0,60,2
100,3tJoFztHeIJkJWMrx0td2f,Moneybagg Yo,3141656.0,78,3
101,6NG0bF3tpQuQOixbzFPLIv,Lil Lano,269350.0,52,2
102,053q0ukIDRgzwTr4vNSwab,Grimes,1738631.0,67,4
103,7EJwrZYRepsc1zHNkDcITg,Die Orsons,166645.0,45,2
104,6oMuImdp5ZcFhWP0ESe6mG,Migos,12531248.0,77,3
105,08ao8gzTHBtNf5Laf9jjwR,King Khalil,258235.0,46,2
106,3nQ125TJobosBH446Dsvvv,Kavita Seth,298760.0,65,1
107,0ONHkAv9pCAFxb0zJwDNTy,Pusha T,2551259.0,73,3
108,6ynopZPMBXcIGBI9M02Un5,Haftbefehl,615356.0,64,2
109,6F3EsjY0PgMI4SXkQWXF3y,Albin Myers,18327.0,44,0
110,5o61gIxxfbohs0sm3B88d6,Sam Bailey,41562.0,30,5
111,7IENU7K9Qq8bd9U4pc5rbt,Casar,44790.0,46,2
112,09UmIX92EUH9hAK4bxvHx6,Mithoon,4408039.0,70,1
113,0t9IVyFGzH79wIFfhEXddQ,Kianush,219026.0,54,2
114,4Mt1ci7cKg2DpDS5kJ5mHS,Animus,58034.0,42,2
115,0OtigLoCgLYvXnMxbE5qH5,Lost Boyz,248711.0,46,3
116,5y9wg9qkGBl0n9v9RzaPKu,Capo,481795.0,67,2
117,6cK3NBO6uP7hh0oyuVELFl,Saweetie,1658482.0,73,4
118,521qvhdobR0GzhvU6TFw76,Tritonal,220430.0,57,0
119,3KwmxIhSe9UTSEF37kwngR,SHAED,154146.0,59,4
120,2hH16roqnQFy0PdSmgZRSJ,Ali471,105057.0,53,2
121,7impXYp8gHr8curMVe60gR,Gallo Nero,14646.0,44,2
122,2kS9NyuATpYwjeB93h24H5,Nina Chuba,85574.0,69,2
123,3PyJHH2wyfQK3WZrk9rpmP,Ashnikko,1768694.0,70,4
124,0xRXCcSX89eobfrshSVdyu,MEDUZA,551577.0,75,4
125,0jxy7TWRoSFqe4eucObq6L,ROTE MÜTZE RAPHI,40600.0,53,2
126,2cFrymmkijnjDg9SS92EPM,blackbear,4772667.0,80,4
127,0ukgrNYk51TkMQr0f2Br4Q,Maverick Sabre,248572.0,61,5
128,1bj5GrcLom5gZFF5t949Xl,Martin Solveig,1204266.0,65,0
129,5GnnSrwNCGyfAU4zuIytiS,Mohit Chauhan,5707604.0,71,1
130,61if35zz1W11GejEkxTLEQ,Benny Dayal,3226162.0,68,1
131,5pDjmC5mRl7vDJhsjVwNfk,Freya Ridings,310471.0,60,5
132,1G7TGDJ01So6i6XNirnVS7,Takt32,26882.0,54,2
133,2KsP6tYLJlTBvSUxnwlVWa,Mike Posner,1290907.0,70,4
134,2741XFBjSCs37MjhGaGkKT,Qzeng,9687.0,38,2
135,1G9G7WwrXka3Z1r7aIDjI7,Outkast,2035367.0,74,3
136,5p4B4WSKIGvSfhc90GMxw9,Payy,46034.0,41,2
137,0TVANDORspsd2X7Gg9rhcW,Nullzweizwei,68388.0,57,2
138,0jnsk9HBra6NMjO2oANoPY,Flo Rida,8645421.0,77,4
139,1moxjboGR7GNWYIMWsRjgG,Florence + The Machine,6017975.0,75,4
140,0RMsiUCTjsdGjoKyhEm8Y4,Mamta Sharma,980285.0,56,1
141,1gR0gsQYfi6joyO1dlp76N,Justice,1071538.0,58,0
142,40xbWSB4JPdOkRyuTDy1oP,Nicole Scherzinger,2199891.0,64,5
143,5Pwc4xIPtQLFEnJriah9YJ,OneRepublic,14155283.0,84,4
144,0fA0VVWsXO9YnASrzqfmYu,Kid Cudi,6000043.0,81,3
145,1bpI6QDUqmfKmV0Tlhj0Jm,Pajel,57788.0,60,2
146,3ZxZ03fj3tXBZHZWzvaLSM,Neeti Mohan,2362377.0,71,1
147,3M3YacInf0UubKD2n20Oib,2ara,29783.0,42,2
148,0PPCPsuv0iOAYKGR2SkFal,VOLO,16390.0,47,2
149,3pgLKnm3nE8Tb5RDCt4lh7,Airon,12013.0,36,2
150,2EMAnMvWE2eb56ToJVfCWs,Bryson Tiller,5942355.0,78,4
151,697ZbUKLJSEWWhtayAGxBY,Faroon,40346.0,56,2
152,2Zxy5LwBatI5kw4uponwHQ,Riot Ten,90957.0,50,0
153,0uGk2czvcpWQA383Im6ajf,Maggie Lindemann,1815243.0,66,4
154,2oX42qP5ineK3hrhBECLmj,Andy Grammer,1089922.0,70,4
155,2FgHPfRprDaylrSRVf1UlN,Thaman S,4639266.0,66,1
156,5ZS223C6JyBfXasXxrRqOk,Jhené Aiko,5804969.0,77,4
157,6i1GVNJCyyssRwXmnaeEFH,Syn Cole,216513.0,61,0
158,3tQzzidoPfVifoURnDfgmD,t-low,316369.0,70,2
159,63yrD80RY3RNEM2YDpUpO8,Melanie Martinez,14998569.0,78,4
160,6u8KyY2rfBGDtDejRJ9JaQ,Madeline Juno,128060.0,55,2
161,7iLc4hrjOjQPfg1E3cCHg1,Tim Berg,204437.0,50,0
162,0tMFcqLXhtm1Gep20iuIR3,SXTN,778579.0,60,2
163,1qQLhymHXFPtP5U8KNKsm6,Apache 207,1995437.0,67,2
164,3tHD07u1ON4uHxmnT9rwqZ,Neeraj Shridhar,1111255.0,67,1
165,7pwufEBGfggjoI8twqlsmQ,Nessa Barrett,821246.0,70,4
166,33Dtwad3snCG92mhmi17WM,Massiv,267353.0,48,2
167,31rVRoX5ZG9ZyRbHvlEwjA,RuthAnne,16003.0,49,5
168,4CuipEvwcoQggmCV8jpKF9,Michael Calfan,151505.0,59,0
169,0TkqXdyWLsssJH7okthMPQ,Jay Electronica,275846.0,60,3
170,45lcbTsX07JWzmTIjcdyBz,Matroda,82155.0,56,0
171,6jsjhAEteAlY0vCiLvMLBA,ROZES,109191.0,60,5
172,7e1BNCygl2Gf7CX8LrByPv,Ummet Ozcan,393639.0,61,0
173,281Vp9LDrWkHMHQzfQHWCt,Rashid Ali,141365.0,57,1
174,7iZ5x5fwRwROoX3iRWpVgN,Fard,436966.0,55,2
175,26R3WRFIf6FbbNAQuMIjkN,Hemachandra Vedala,389599.0,55,1
176,5SyGEPymt1G2uto47tVWvZ,MadeinTYO,1008764.0,62,3
177,6AZfDB8isLU2sHkSm3sRhX,Milonair,77537.0,45,2
178,4yBK75WVCQXej1p04GWqxH,Jeezy,2206605.0,69,3
179,2gduEC76ry33RVurAvT05p,Nathan Dawe,70092.0,68,5
180,5uEeqYFuIChoWKy34jp8xE,Brando,16997.0,66,0
181,28Ky95tmlHktB96DBUoB0g,Tristam,213826.0,52,0
182,4OtcoXGM3abQUnErfCczaj,Kidda,78019.0,53,2
183,4mrBetqy378Jf1y6NLszlx,VINAI,462021.0,64,0
184,4ULO7IGI3M2bo0Ap7B9h8a,Teyana Taylor,1540069.0,62,4
185,0Cp8WN4V8Tu4QJQwCN5Md4,BENEE,716796.0,67,4
186,6RHKEd9dpzQ4c09x8Zdaxu,Clara Mae,282073.0,60,4
187,6wPhSqRtPu1UhRCDX5yaDJ,The Pussycat Dolls,5208348.0,68,4
188,4hXT6A14n901v8DU5Of337,KAYEF,183402.0,58,2
189,5lwT6gFdwV3Wcol07KUiJx,Mike Mago,49257.0,47,0
190,5iBlCs0WwiMbr5zO6vPt5G,Ali As,63340.0,46,2
191,5QZJttrSLq4WJL9Vb1MgFq,O.G.,97911.0,61,2
192,0wnYgCeP013HkKoOyC5V32,Allie X,781112.0,56,4
193,52JDGHEmHKktNs1lN7HCl8,Karate Andi,82601.0,44,2
194,25u4wHJWxCA9vO0CzxAbK7,Lukas Graham,1966327.0,71,4
195,5nki7yRhxgM509M5ADlN1p,Oliver Heldens,964119.0,69,0
196,1DxUdl4z0N2hLqU7U6yqwc,Money Boy,132766.0,49,2
197,1zDnARSHiWiOGH7QmiHORQ,65Goonz,59306.0,52,2
198,6aZyMrc4doVtZyKNilOmwu,Colbie Caillat,2389354.0,67,4
199,6tekmZkCK5xHTIwWeqyr0i,Ra'is,95719.0,59,2
200,0VhPkEtUabZSNqhrd1ujf2,O.G. Pezo,16319.0,46,2
201,3syirl4cAvDZRaPleyMyS9,Jigzaw,125870.0,51,2
202,5SHxzwjek1Pipl1Yk11UHv,Tom Grennan,358982.0,71,5
203,48Fq6GV3S6on56TxSBu5NO,Celo & Abdi,360920.0,56,2
204,1QOHbhVRpDoNtRkz79si6b,Karen Harding,49005.0,58,5
205,0E02VcvA5p1ndkLdqWD5JB,Ankit Tiwari,10692939.0,68,1
206,7qRll6DYV06u2VuRPAVqug,Foxes,298785.0,60,5
207,1yqxFtPHKcGcv6SXZNdyT9,MK,251492.0,65,5
208,5wyWp867LWGjFmYZXVSFnZ,MERO,1981457.0,66,2
209,1YfEcTuGvBQ8xSD1f53UnK,Busta Rhymes,2184776.0,71,3
210,6XpaIBNiVzIetEPCWDvAFP,Whitney Houston,8362283.0,75,4
211,7GaMopkesD4KK9dNbgyO5D,Eko Fresh,303100.0,51,2
212,1mG23iQeR29Ojhq89D5gbh,DJ Jazzy Jeff & The Fresh Prince,334281.0,53,3
213,3gBKY0y3dFFVRqicLnVZYz,Alka Yagnik,6514672.0,75,1
214,1l2ekx5skC4gJH8djERwh1,Don Diablo,1789756.0,67,0
215,10XY9PZCJKzUFzZOdtlQLU,LX,145998.0,63,2
216,5i84V8Zk7YqCN6xxb7SWgw,Samantha Jade,89790.0,45,5
217,03bmDyr8klGV17DKQnPZVA,Joshi Mizu,48853.0,49,2
218,32WkQRZEVKSzVAAYqukAEA,Lady A,3615627.0,68,4
219,0K87f3owemzI8NUCoEIXOB,vaultboy,112749.0,64,4
220,6wYROOAfZ97gNh5TzasS50,Nisa,6541.0,48,2
221,4q6hTJmeYXCwp0ivdtoSWA,Dappy,255580.0,54,5
222,6aaMZ3fcfLv4tEbmY7bjRM,Isaiah Rashad,1185361.0,67,3
223,7wzaSKTsjE9HnuDuZTX452,Arlissa,98081.0,47,5
224,0iEtIxbK0KxaSlF7G42ZOp,Metro Boomin,3030563.0,79,3
225,3l0CmX0FuQjFxr8SK7Vqag,Clairo,3467574.0,75,4
226,0o0PoOOyXcmqcyVz8aSdYu,Moe Phoenix,221733.0,51,2
227,7EQ0qTo7fWT7DPxmxtSYEc,Bastille,5121783.0,75,4
228,68kEuyFKyqrdQQLLsmiatm,Vince Staples,1639634.0,68,3
229,06HL4z0CvFAxyc27GXpf02,Taylor Swift,58554324.0,94,4
230,60pVmLS5zlt31OWk340O3U,MAJAN,69868.0,60,2
231,1g0fXhQMHAxlRyIBkCbuE7,Matt Simons,205462.0,61,5
232,1FtBEIWAwvw5ymBen5GICR,Chlöe,204138.0,63,4
233,4qLwtWhlhyAoQ4S9mSrDW9,Odd Mob,32307.0,49,0
234,2o4R2rK7FetH40HTv0SUWl,Monali Thakur,383221.0,58,1
235,3s8alQfNnY0roAHaJh7Xxt,Dom Kennedy,533964.0,59,3
236,3fMbdgg4jU18AjLCKBhRSm,Michael Jackson,24070351.0,81,4
237,6Gk5hoM7eW8NSCYhICMDHw,Zak Abel,143516.0,59,5
238,4qBgvVog0wzW75IQ48mU7v,KYLE,1020400.0,65,4
239,18ISxWwWjV6rPLoVCXf1dz,RIN,730925.0,68,2
240,0daugAjUgbJSqdlyYNwIbT,Vicetone,408609.0,64,0
241,5FVBduYaeVBb6JIghza7v6,Santhosh Narayanan,1091438.0,68,1
242,2NoJ7NuNs9nyj8Thoh1kbu,Hariharan,3102859.0,69,1
243,4ec676jWgAuvEZZg0y7dBy,Nitin Mukesh,261566.0,53,1
244,0pOruKWwgyqSLZhn4Xovs9,Ardian Bujupi,183217.0,59,2
245,3utZ2yeQk0Z3BCOBWP7Vlu,CRO,1968807.0,73,2
246,5UJ2sHO2ELrgW6aXeRLTQQ,Chinmayi,1538804.0,68,1
247,0Cs47vvRsPgEfliBU9KDiB,D.O.D,31146.0,61,0
248,1Bl6wpkWCQ4KVgnASpvzzA,BROCKHAMPTON,2007111.0,68,3
249,0sSxphmGskGCKlwB9xa6WU,Himesh Reshammiya,5814157.0,66,1
250,38CvLGTsjtoloDgv3OKQp8,Robinson,96816.0,49,5
251,6pcxIOhQCNb7DX2iuEXgxL,Tobtok,29572.0,53,0
252,205i7E8fNVfojowcQSfK9m,Dom Dolla,163015.0,61,0
253,2jku7tDXc6XoB6MO2hFuqg,Tory Lanez,4595919.0,79,4
254,4WFtYn5RyU8VGPpPyW9Pxw,M-22,79184.0,56,5
255,52Syw7gkGRePCAYvEY2X9D,N-Dubz,252578.0,54,5
256,1tqysapcCh1lWEAc9dIFpa,Jubin Nautiyal,5609809.0,75,1
257,20sxb77xiYeusSH8cVdatc,Meek Mill,6481503.0,75,3
258,6WY7D3jk8zTrHtmkqqo5GI,Maren Morris,682680.0,73,4
259,5ggr9FUq9cjogKBxQmI2ZO,Aylo,64444.0,48,2
260,0wwDZj4zgZORjTGhTujAKx,Mert,551609.0,53,2
261,6AiX12wXdXFoGJ2vk8zBjy,Yuvan Shankar Raja,7045202.0,74,1
262,34LetYSjEuG2fBb4Z8PwPg,Pashanim,355074.0,66,2
263,2kkQthS9OLpK4UqNWYqoVl,Jeet Gannguli,738609.0,64,1
264,6AyATGg7mDgBlZ4N5uNog0,SYML,539077.0,70,4
265,2qMezKrAKRh2Z2uR3fCqHt,PA Sports,466518.0,61,2
266,5ZYOlPpI9FZu2uIPkTB0UA,CÉLINE,190901.0,60,2
267,6oBm8HB0yfrIc9IHbxs6in,Lykke Li,1698551.0,68,4
268,4V8LLVI7PbaPR0K2TGSxFF,"Tyler, The Creator",9524149.0,84,3
269,2vVT4qoxWje0gVD2FiWZ4u,Jeff Bernat,391959.0,60,4
270,303SwmjLibkh8OJH5xxZOM,Glowie,9328.0,32,5
271,7dGJo4pcD2V6oG8kP0tJRR,Eminem,59184634.0,90,3
272,6i392l38cR3uBPF0DbNs7S,Quality Control,1067819.0,66,3
273,4Q8tZV1nlCycCfu1RFAsJO,Theo Junior,27384.0,55,2
274,3AMxH9QIPZbK8ND8C9j4Ss,Mani Sharma,2787588.0,56,1
275,7u0cYeefrzVUt6CfDQCpT0,Kilomatik,20846.0,36,2
276,1I5pYXplsbqmHaVWlAEhla,Bougenvilla,47295.0,45,0
277,4Euia7UzdRshy1DJOSMTcs,220 KID,17985.0,63,5
278,73jBynjsVtofjRpdpRAJGk,Dimitri Vegas & Like Mike,3263041.0,70,0
279,3KedxarmBCyFBevnqQHy3P,Jessie Reyez,1164426.0,69,4
280,3t5xRXzsuZmMDkQzgOX35S,Robin Schulz,2959520.0,77,4
281,0Qnx1MPnHYt3jJCYrRFVwX,Greyson Chance,460965.0,59,4
282,100sLnojEpcadRx4edEBA6,Zella Day,411862.0,59,4
283,2F3KtUVtrt2GLjcl6pB4cz,Dhanush,4313838.0,71,1
284,6RF8hEdlUKoLPQOHmBbHiM,Yasser Desai,709466.0,67,1
285,4D75GcNG95ebPtNvoNVXhz,Afrojack,3894564.0,72,0
286,0XW7mqhbaQnRtHmwfAVg64,Tisoki,58322.0,46,0
287,5y2Xq6xcjJb2jVM54GHK3t,John Legend,6260357.0,77,4
288,5rGrDvrLOV2VV8SCFVGWlj,Imanbek,155835.0,76,0
289,4PvnP3yCzrT289cX3wCdOx,Yung Hurn,378295.0,61,2
290,3ajf12ub55b51qcS94d9Co,Orla Gartland,206871.0,56,5
291,7eCmccnRwPmRnWPw61x6jM,SHY Martin,261515.0,63,4
292,1tnX93BHWyMdBSLhwAzo1j,Mudi,296553.0,56,2
293,3ipn9JLAPI5GUEo4y4jcoi,Ludacris,2442629.0,76,3
294,7e1ICztHM2Sc4JNLxeMXYl,dvsn,1092473.0,60,4
295,7yO4IdJjCEPz7YgZMe25iS,A$AP Mob,1909999.0,61,3
296,6TR6dUNDpqyitYzDvY7DI0,Koushino,52817.0,56,2
297,1P8IfcNKwrkQP5xJWuhaOC,LL COOL J,1405716.0,63,3
298,1dIdBZaaHRW2bDTkHNfWln,The Veronicas,873268.0,57,4
299,6ohaQzKaXrobAL8paLSaxq,Salim–Sulaiman,1331969.0,62,1
300,2kxP07DLgs4xlWz8YHlvfh,NIKI,1907749.0,76,4
301,1uNFoZAHBGtllmzznpCI3s,Justin Bieber,65590075.0,90,4
302,6xdRb2GypJ7DqnWAI2mHGn,MUNA,230742.0,60,4
303,18Zq5h68TQ6kurXzRNHJDo,Big Toe,15017.0,43,2
304,03SZmfKAgYRQKUwy0EoJUa,Roop Kumar Rathod,2295473.0,64,1
305,4A7HeXSd4HtQuf6IR5XZ1b,Fero47,415393.0,50,2
306,2NjfBq1NflQcKSeiDooVjY,Tones And I,2975328.0,72,4
307,5wQDQFm7Ku8WWGi5xqJ9lp,Jyotica Tangri,425195.0,62,1
308,67qogtRNI0GjUr8PlaG6Zh,Zeds Dead,537126.0,62,0
309,4ON1ruy5ijE7ZPQthbrkgI,Burak Yeter,142920.0,58,0
310,1SnSPHBs8l5iAvoWF0aO05,FOURTY,48801.0,60,2
311,6Ha4aES39QiVjR0L2lwuwq,Yo Gotti,3942282.0,68,3
312,1V3VTM7VspiQjcmRhC010n,Quintino,607480.0,60,0
313,31HjiqargV4NAw4GZqUale,Ace Hood,1706470.0,61,3
314,2Rf4X6m0oayCJhaJ5K63GQ,Nathan Sykes,472255.0,57,5
315,7h7ahzbTkbAFsshWJ7fOrc,Anton Powers,51728.0,55,5
316,3drqpTL4sQOckmAfF9i1wg,Summer Cem,1066135.0,65,2
317,3Y7RZ31TRPVadSFVy1o8os,H.E.R.,5520036.0,75,4
318,5YGY8feqx7naU7z4HrwZM6,Miley Cyrus,18938341.0,81,4
319,2ddxtfC0oS8LoktXUHE7YL,Ashley Tisdale,1169155.0,54,4
320,2rEVnwCPBeGkWMv425KoG1,AYLIVA,127707.0,62,2
321,3A5tHz1SfngyOZM2gItYKu,Earl Sweatshirt,1852693.0,67,3
322,20mCdWSz6PqFQof9gFFJ1r,Alvaro,92127.0,38,0
323,5bgfj5zUoWpyeVatGDjn6H,K CAMP,1496980.0,62,3
324,6Rmg5JiRphFMlhkwGNl9Fu,Tom Gregory,80773.0,61,5
325,20wkVLutqVOYrc0kxFs7rA,Daniel Caesar,3457554.0,77,4
326,3DoYGi5spOR9sIqjdkf2R4,Coup,18757.0,39,2
327,0tvpihdAsKiNnP6sWS3jUI,TroyBoi,357658.0,62,0
328,6roDXEmZ6AARdOUv6x5U2v,Felix Cartal,91766.0,57,0
329,5OrB6Jhhrl9y2PK0pSV4VP,Young Money,2606316.0,62,3
330,325L7kby6bkG5qSXXAFEWM,Joker Bra,191005.0,55,2
331,1pPmIToKXyGdsCF6LmqLmI,Rich The Kid,2879692.0,68,3
332,0hKUUP3J5Dc69cQur3U2nV,Selmon,15443.0,50,2
333,4kq8z3vydHjPDggxb16ErB,Nakash Aziz,158572.0,65,1
334,4P3RXClUWZnQAO6BfrEQXb,ART,36017.0,62,2
335,6c1pBXHYjFcGQQNO5MMsdd,Keys N Krates,190028.0,49,0
336,5qa31A9HySw3T7MKWI9bGg,FLETCHER,677970.0,70,4
337,6Mv8GjQa7LKUGCAqa9qqdb,Vishal-Shekhar,2600453.0,72,1
338,4Jd9XCHzRXTB7ZPPVzJoUm,Milano,81681.0,58,2
339,6gto7HVNhu4ARE3P3g8Y5Y,Kollegah,1437311.0,68,2
340,2iReGc3ItZlbaaSWymMJve,Manuellsen,173988.0,54,2
341,5BcAKTbp20cv7tC5VqPFoC,Macklemore & Ryan Lewis,2582491.0,72,4
342,5Aw0IGM5JS3FuTgtRsDWGA,Chocolate Puma,105873.0,48,0
343,0Cd6nHYwecCNM1sVEXKlYr,Krewella,914090.0,58,0
344,2BQWHuvxG4kMYnfghdaCIy,Fox Stevenson,199970.0,57,0
345,3pjq2pDV9RR6VY55wBjVnp,Dardan,953804.0,68,2
346,53YSn9tHwGJ6bq5P0gGoYo,Firebeatz,526119.0,56,0
347,6VuMaDnrHyPL1p4EHjYLi7,Charlie Puth,17411695.0,83,4
348,2JLl6rSFWx9YuSPLcLhkAG,Julian Perretta,29672.0,59,5
349,60uPSVM3svOL8kZ3Wkb3Zw,Monet192,163524.0,57,2
350,7qjJw7ZM2ekDSahLXPjIlN,Sid Sriram,8264893.0,76,1
351,5sWHDYs0csV6RS48xBl0tH,Two Feet,1662244.0,71,4
352,6uZv9f2du7TdOlOr5IjLE1,Shabab Sabri,356.0,42,1
353,5T2I75UlGBcWd5nVyfmL13,Mika Singh,6886761.0,65,1
354,4CD6drviDJ8wccEAZuc9y4,Scorpion Gang,5482.0,42,2
355,09hVIj6vWgoCDtT03h8ZCa,A Tribe Called Quest,1743610.0,66,3
356,4gzpq5DPGxSnKTe4SA8HAU,Coldplay,38371125.0,88,4
357,72IlzE8lIeI5W1C4RTZAGv,Riccardo,48299.0,52,2
358,1XgFuvRd7r5g0h844A5ZUQ,Take That,1139889.0,62,5
359,7B4hKK0S9QYnaoqa9OuwgX,Eazy-E,4261509.0,65,3
360,69GGBxA162lTqCwzJG5jLp,The Chainsmokers,19441428.0,80,4
361,07YZf4WDAMNwqr4jfgOZ8y,Jason Derulo,11522281.0,80,4
362,3Z3aTg9PwJ37e8xeO0aUC9,01099,116574.0,67,2
363,0GICHCgSgJrRnanaNRFIMX,Undacava,34332.0,51,2
364,1HY2Jd0NmPuamShAr6KMms,Lady Gaga,23126039.0,84,4
365,1AhjOkOLkbHUfcHDSErXQs,88rising,841272.0,69,4
366,45eNHdiiabvmbp4erw26rg,ILLENIUM,1290089.0,73,4
367,65AzRSW0jKSs0WtttEXrOw,ELIF,197863.0,60,2
368,1eMmoIprPDWeFdB1FxU6ZV,Au/Ra,447020.0,67,4
369,0NIPkIjTV8mB795yEIiPYL,Wallows,2416869.0,71,4
370,6k6dimE4a6OFnD0HWmkIUW,Tochi Raina,55464.0,61,1
371,70gP6Ry4Uo0Yx6uzPIdaiJ,Bas,468622.0,67,3
372,1anyVhU62p31KFi8MEzkbf,Chance the Rapper,5737262.0,75,3
373,1cfG7UM0OD4O1II1nd15Qo,Ash King,1147122.0,63,1
374,6Ur6METz02CC9zcJWDFicC,M.O,275953.0,50,5
375,4phGZZrJZRo4ElhRtViYdl,Jason Mraz,6800128.0,72,4
376,7CCjtD0hCK005Bvg2WG1a7,Carnage,307222.0,57,0
377,6trEYfLSuAd9CS8bCy4sOH,demxntia,64027.0,60,4
378,5WUlDfRSoLAfcVSX1WnrxN,Sia,24304639.0,83,4
379,4gJT0OnBISFA5CPMNYBGIE,OG Keemo,92009.0,55,2
380,0cGUm45nv7Z6M6qdXYQGTX,Kehlani,6132653.0,76,4
381,7ACEUD7UsmmXrnj4OLt8f9,twocolors,51062.0,63,0
382,3mIj9lX2MWuHmhNCA7LSCW,The 1975,5782661.0,76,4
383,61fZH5SxVJDnFnocMMPwCF,Play69,96047.0,41,2
384,5H6xmHXjsq98NLbEjuE29f,NEIKED,121888.0,68,4
385,00sAT5YX8W3xNd1EuqyHw9,Dada Life,416967.0,52,0
386,13y7CgLHjMVRMDqxdx0Xdo,Gucci Mane,4454550.0,77,3
387,4fxd5Ee7UefO4CUXgwJ7IP,Giveon,2463715.0,80,4
388,5sRQkVexJlax2iISuqL8cV,Kalazh44,139170.0,54,2
389,0NbfKEOTQCcwd6o7wSDOHI,The Game,4165499.0,74,3
390,2x7EATekOPhFGRx3syMGEC,The Knocks,197503.0,64,4
391,66TrUkUZ3RM29dqeDQRgyA,Ella Eyre,789200.0,69,5
392,1sVmXkzX2ukc6QvasrDBES,Asees Kaur,1437645.0,71,1
393,6WdjEdbgAoHeeXLwDsSgMg,Albi,16713.0,50,2
394,2YZyLoL8N0Wb9xBt1NhZWg,Kendrick Lamar,21389956.0,88,3
395,6KZDXtSj0SzGOV705nNeh3,Kid Ink,2879810.0,68,3
396,0PhLCUFEU30lqntUbYZjSt,Mosh36,205911.0,45,2
397,6pBDI6JuD02u2ZpynOYhRg,Jalil,28918.0,41,2
398,6rcE30MaP92XafelMNZ2Sq,Frank Walker,77387.0,57,0
399,7EWU4FhUJM1sZQgQKdENeT,Hopsin,2345662.0,62,3
400,2IQDM5URYGYfSMmwhTCmyy,Rationale,79534.0,52,5
401,5D9gbPVm2Y7DcPbqG0ueS9,Sero El Mero,238487.0,45,2
402,4HzKw8XcD0piJmDrrPRCYk,Majid Jordan,745600.0,67,4
403,4iHNK0tOyZPYnBU7nGAgpQ,Mariah Carey,8146681.0,76,4
404,0jNDKefhfSbLR9sFvcPLHo,San Holo,665516.0,58,0
405,2P7AfQW941UU324qq2ggZf,METRICKZ,170895.0,55,2
406,742hF8NzfLAfwg7pwSh1x9,Jamin,10068.0,46,2
407,13bDjug9N0pyv3ZUINjkDV,Bausa,1008174.0,64,2
408,7M6ItqYUMPQRQQ5q54tl7G,Megaloh,73110.0,50,2
409,4AA8eXtzqh5ykxtafLaPOi,What So Not,294647.0,58,0
410,5IHqlcCbQkyhWl0KmIwgeq,Louisa Johnson,281372.0,53,5
411,6DgP9otnZw5z6daOntINxp,Joel Corry,300072.0,75,4
412,6Cw4b0HJcYPaG1ik1tpdZa,Samo104,23940.0,53,2
413,5Igpc9iLZ3YGtKeYfSrrOE,Chris Lake,239809.0,61,0
414,10hGPIDZi33LRaYRIq3Bh4,Dimitri Vangelis & Wyman,502489.0,56,0
415,2ajhZ7EA6Dec0kaWiKCApF,Rizzle Kicks,339561.0,53,5
416,0pCNk4D3E2xtszsm6hMsWr,K.Flay,495207.0,67,4
417,57WHJIHrjOE3iAxpihhMnp,Louis Tomlinson,6378733.0,69,4
418,5SXuuuRpukkTvsLuUknva1,Baby Keem,1046017.0,78,3
419,41LLNWUptvfbQ9Q7oCefmg,Genetikk,466191.0,59,2
420,37awA8DFCAnCCL7aqYbDnD,Blasterjaxx,723032.0,65,0
421,3TaUSUXn41GixL7zbvrIDt,A-Trak,123783.0,62,0
422,1HxJeLhIuegM3KgvPn8sTa,Jack Ü,1070707.0,60,0
423,1KpCi9BOfviCVhmpI4G2sY,Tchami,378890.0,61,0
424,6wa1AsxB9oJP7lwNSmbcYx,Daler Mehndi,1062279.0,57,1
425,5tHiL8SKSaZGMBUPIiSmX4,KitschKrieg,187326.0,59,2
426,5MmVJVhhYKQ86izuGHzJYA,MIKA,1271133.0,66,4
427,3J0BpFVUc9LeOIVeN5uNhU,Lauren Jauregui,1279004.0,58,4
428,4SZSRsSh4xJx9o5V1uDE1o,Ahmad Amin,13379.0,52,2
429,1XKjtpH5P81gpOXDB91IEB,Miami Yacine,748931.0,58,2
430,5tlNJfV9UIpgnbWmvUEFu7,Gentleman,459732.0,58,2
431,59Yq0xrABEihHANsfo9QMT,Blanke,38335.0,53,0
432,1U0pXcl8GZlZ48jTgnpGHl,Beyazz,135028.0,59,2
433,2rTo8KIkBTFjQS7VvaKYQ4,W&W,790556.0,67,0
434,0h0Iypw4Zpe2pWEKIS9So3,OMAR,48554.0,56,2
435,25tMQOrIU4LlUo6Sv8v5SE,Gavin James,669083.0,62,4
436,6dJeKm76NjfXBNTpHmOhfO,Selena Gomez & The Scene,7864105.0,67,4
437,3LPEGy5eAGPgKYJVrkRuSX,Kynda Gray,23275.0,40,2
438,37hAfseJWi0G3Scife12Il,City Girls,2060013.0,68,4
439,3YVjSNOTyXBeEisqAJ2EAG,Deno419,16407.0,37,2
440,4sg4no0TXdsrM1s4SVUwNF,Juju,520847.0,63,2
441,6mFNhGWIA0SYoGMFXi2cgf,Morpheuz,18748.0,45,2
442,1LRpAVWq5z6VZMG3tTdZKU,Mike Singer,380882.0,52,2
443,17lzZA2AlOHwCwFALHttmp,2 Chainz,7360903.0,76,3
444,6AUl0ykLLpvTktob97x9hO,Tee Grizzley,3022952.0,67,3
445,2fu4Q8SANwMZ2rWS5hqjcA,lityway,10031.0,50,2
446,3IpvVrP3VLhruTmnququq7,Mike Williams,340090.0,60,0
447,3ciRvbBIVz9fBoPbtSYq4x,Lil Jon & The East Side Boyz,669547.0,62,3
448,2iojnBLj0qIMiKPvVhLnsH,Trey Songz,6795545.0,70,4
449,2P5sC9cVZDToPxyomzF1UH,Joey Bada$$,2725747.0,74,3
450,1zLMhO4zzzxt5PMV4wMS3y,Keanu Silva,30679.0,64,0
451,1hMzMy5THp7jWnMRC0rU36,Nazar,157485.0,38,2
452,1mYsTxnqsietFxj1OgoGbG,A.R. Rahman,23828027.0,79,1
453,477D3WI5iTnEmCOe7QFU5G,Azzi Memo,360228.0,52,2
454,1W3FSF1BLpY3hlVIgvenLz,The-Dream,1142988.0,64,3
455,70Rt4lMiib6ya5azoVK51v,TYM,26358.0,56,2
456,2NdeV5rLm47xAvogXrYhJX,Ciara,5815659.0,68,4
457,1Y8cdNmUJH7yBTd9yOvr5i,Destiny's Child,5783131.0,70,4
458,3NW5v26vvoW5ycV37qM5ed,Cashmo,32923.0,47,2
459,6ARKr2ZoLf9TDoQiZarJMt,makko,138767.0,70,2
460,2BJTwV4IpFe2gWL46KKlji,Basto,83393.0,44,0
461,0kJO65h553i1iGsZutBuqz,Adnan Sami,2681082.0,59,1
462,4pb4rqWSoGUgxm63xmJ8xc,Madeon,625250.0,58,0
463,0cmSPg2VT43juuvNRLs535,Snipe,38321.0,37,2
464,1OJvqVmekd5OPxlTeHmlBl,Ion Miles,28568.0,66,2
465,163tK9Wjr9P9DmM0AVK7lm,Lorde,9863458.0,76,4
466,540vIaP2JwjQb9dm3aArA4,DJ Snake,8064094.0,77,4
467,63bCkf4n15jiKjHhLV7kSZ,Niykee Heaton,481293.0,54,4
468,26dSoYclwsYLMAKD3tpOr4,Britney Spears,11288911.0,81,4
469,0Tob4H0FLtEONHU1MjpUEp,Tinie Tempah,834824.0,63,5
470,4Ws2otunReOa6BbwxxpCt6,Benny Benassi,512544.0,64,0
471,61lyPtntblHJvA7FMMhi7E,Duke Dumont,671364.0,65,0
472,2IVvZIe3P9BMuCI6h48Bjg,Nizi19,39221.0,57,2
473,2joIhhX3Feq47H4QXVDOr3,RINI,564707.0,62,4
474,2NmK5FyrQ18HOPXq1UBzqa,SWV,1626049.0,60,3
475,39KEQQAG9JhIt71g9NEVhh,Azet,1207644.0,68,2
476,1vCWHaC5f2uS3yhpwWbIA6,Avicii,22055236.0,80,4
477,77SW9BnxLY8rJ0RciFqkHh,The Neighbourhood,10028232.0,84,4
478,0oxWjDXa2iXcVB11n8RY3U,BOJAN,18424.0,52,2
479,4W91bbPB2CTSsHwt7eqNl7,Javed Ali,5269359.0,67,1
480,67nwj3Y5sZQLl72VNUHEYE,Wale,3783379.0,70,3
481,1u7OVFmWah4wQhOPIbUb8U,Will Sparks,248998.0,60,0
482,1SUu1Bi7ev9HbOzyVC77qD,Kool Savas,552386.0,63,2
483,6LuN9FCkKOj5PcnpouEgny,Khalid,15501199.0,85,4
484,5f4QpKfy7ptCHwTqspnSJI,Neha Kakkar,37695348.0,74,1
485,5yPzzu25VzEk8qrGTLIrE1,Young Nudy,974134.0,71,3
486,5oNgAs7j5XcBMzWv3HAnHG,DJ Drama,1278173.0,58,3
487,7sGj46FhEm7c19hArcGtlY,Chakuza,167301.0,48,2
488,5FWi1mowu6uiU2ZHwr1rby,Feed Me,353477.0,48,0
489,0YWxKQj2Go9CGHCp77UOyy,Fabolous,2375473.0,67,3
490,2HdP7fpDiLWAvElYGg75gd,Hanybal,309176.0,54,2
491,4SqTiwOEdYrNayaGMkc7ia,LÉON,340644.0,63,4
492,4uRYpUQZrNrY5t8tAv3XrD,NERO,810769.0,56,0
493,6NaTOhsj6iiUNONPrE980Z,Fake Blood,53939.0,51,0
494,2ZRQcIgzPCVaT9XKhXZIzh,Gryffin,846987.0,72,4
495,2QlwnS23KrBeshXFyK5U6M,LVNDSCAPE,143208.0,53,0
496,2R1QrQqWuw3IjoP5dXRFjt,Marlon Roudette,87434.0,50,5
497,3WGpXCj9YhhfX11TToZcXP,Troye Sivan,7115846.0,76,4
498,6m7wJXzvVyE0j6eef6pj1a,Mila Jam,3503.0,29,5
499,5YFS41yoX0YuFY39fq21oN,Bob Sinclar,526804.0,67,0
500,6BrvowZBreEkXzJQMpL174,Hardwell,3639521.0,65,0
501,6lay1nwbE6hTx1jivysUAL,Princess Nokia,554997.0,62,4
502,0XIKGBo9PnK1ApI5tZA60d,DaniLeigh,1030024.0,61,4
503,3GBBxBdoolb0B5YizZq9bF,Eno,661611.0,59,2
504,5cIc3SBFuBLVxJz58W2tU9,Oh Wonder,1031259.0,67,5
505,1AzY6fJYpYIOxfckbx2iRn,Fabian Römer,52928.0,40,2
506,74OaRjmyh0XyRZsQQQ5l7c,Jasleen Royal,941955.0,66,1
507,6LrvDsBK2WHWUERZHLbwvx,Hamzo 500,3854.0,35,2
508,3KV3p5EY4AvKxOlhGHORLg,Jeremih,5902838.0,74,4
509,69u5rPwWBKP7pJHpCGB9O5,MoTrip,458953.0,54,2
510,5cj0lLjcoR7YOSnhnX0Po5,Doja Cat,21779281.0,88,4
511,7cYEt1pqMgXJdq00hAwVpT,Chase Atlantic,3655974.0,79,4
512,42k1aOQmLqy5YQmqJ2zq8s,Shaan Rahman,447569.0,58,1
513,5mPOOZTRDsRf0iIXixzfgn,Yung Kafa & Kücük Efendi,96243.0,52,2
514,7DuTB6wdzqFJGFLSH17k8e,Bhad Bhabie,3029382.0,59,4
515,0q8J3Yj810t5cpAYEJ7gxt,Duck Sauce,109662.0,55,0
516,1iNqsUDUraNWrj00bqssQG,Dreamville,457507.0,68,3
517,4XtfY4CBieEfqF3CSiPrRx,SVEA,8553.0,40,5
518,53KwLdlmrlCelAZMaLVZqU,James Blake,1274581.0,66,5
519,0HXAyc6kXXdnrE8wdVwS5E,Tarek K.I.Z,34133.0,53,2
520,1h6Cn3P4NGzXbaXidqURXs,Swedish House Mafia,3597342.0,76,4
521,3Hvx3BM0K4FHBs9J3k8G6V,NGEE,122058.0,62,2
522,0HFX10cw3sUd3fMmBNoDDv,OG LOCKE,21876.0,44,2
523,2innBaSmptmpGvov5kUIqW,DILOMAN,22411.0,38,2
524,14CHVeJGrR5xgUGQFV5BVM,Fivio Foreign,1012244.0,73,3
525,7BaSOOhWzKYXrLxYoBvMax,DONDON,14086.0,50,2
526,1Eie0tY91rpi7Y0jtIOXzI,Wingtip,55865.0,50,5
527,3Fl31gc0mEUC2H0JWL1vic,Paula Hartmann,27237.0,52,2
528,0u6GtibW46tFX7koQ6uNJZ,Topic,183278.0,75,0
529,0T2sGLJKge2eaFmZJxX7sq,Wretch 32,309270.0,53,5
530,1W7FNibLa0O0b572tB2w7t,Pink Sweat$,1379521.0,70,4
531,0qpsFfOT3SmdGmnyV6rOhS,Meet Bros.,1295306.0,65,1
532,4obzFoKoKRHIphyHzJ35G3,Becky G,12260786.0,80,4
533,3NKKngINK1tP6BFy0WOyWk,Max Styler,18143.0,46,0
534,2Q570lQPWiuP2dCOP69jO3,Remoe,40154.0,39,2
535,5ZDBkifba6O2TRqyzxGuoq,LAAS,24453.0,36,2
536,6nHDuiu6PIpfWt6DswQHvL,Alpa Gun,183297.0,46,2
537,099tLNCZZvtjC7myKD0mFp,Kool G Rap,232476.0,49,3
538,4yiQZ8tQPux8cPriYMWUFP,Gwen Stefani,5505570.0,72,4
539,3q7HBObVc0L8jNeTe5Gofh,50 Cent,9380724.0,82,3
540,5xSx2FM8mQnrfgM1QsHniB,Danna Paola,4017631.0,75,4
541,6Vg9ZTblAIMeOiRCgyzJzO,Tom Twers,22250.0,57,2
542,7uaIm6Pw7xplS8Dy06V6pT,Trevor Daniel,708704.0,66,4
543,46SHBwWsqBkxI7EeeBEQG7,Kodak Black,8470773.0,81,3
544,7bp2lSdh12wcA8LyB1srfJ,Sofia Carson,3194880.0,74,4
545,2auiVi8sUZo17dLy1HwrTU,Solange,1814612.0,61,4
546,4R0FKprdEeUIbzAwhrYTv2,Elias,153483.0,49,2
547,57LYzLEk2LcFghVwuWbcuS,Summer Walker,4052187.0,79,4
548,7dc6hUwyuIhrZdh80eaCEE,Fedde Le Grand,356117.0,62,0
549,0TnOYISbd1XYRBk9myaseg,Pitbull,9555658.0,82,4
550,0TImkz4nPqjegtVSMZnMRq,TLC,3246523.0,67,3
551,4422XPmmt7lJGKjYbYSI6B,Asche,39515.0,59,2
552,4sVieJlKgpZ2k9ESNS5IdN,Jamule,266789.0,65,2
553,4lAjitjrUJgjJgEVj2CwFc,SpongeBOZZ,468757.0,49,2
554,4K6blSRoklNdpw4mzLxwfn,Kumar Sanu,7194253.0,71,1
555,7xEFii6utZmQ61kX59HmLH,FRENSHIP,178254.0,55,5
556,5UyRaawCsdiVrro0WWgIVB,Rak-Su,192499.0,45,5
557,0U7ti3mwGrBNlKNE4YlbfT,Sierra Kidd,148565.0,67,2
558,76fuWYgIf3TVIopTs3vaJ6,Amaal Mallik,1704196.0,68,1
559,7uK2QScoOUkqq8tvtvBIL7,Endzone,27658.0,59,2
560,0DdDnziut7wOo6cAYWVZC5,KREAM,212312.0,60,0
561,5fNCrHCBzuRdM8AbVajVh0,Lance Butters,119696.0,46,2
562,2WuKU0SYZOQyY3MmE4vtez,New Hope Club,917138.0,57,4
563,57vWImR43h4CaDao012Ofp,Steve Lacy,2046648.0,84,4
564,5IcR3N7QB1j6KBL8eImZ8m,ScHoolboy Q,4244741.0,72,3
565,5sSzCxHtgL82pYDvx2QyEU,Devi Sri Prasad,5932469.0,68,1
566,3TqfPVt0HX8GCzNOOjDcum,Sun Diego,187552.0,54,2
567,1wRPtKGflJrBx9BmLsSwlU,Pritam,6618573.0,84,1
568,6extd4B6hl8VTmnlhpl2bY,Huncho Jack,1032504.0,59,3
569,3v6Ji4uoWtKRkhuDUaxi9n,Dynoro,243712.0,66,0
570,6GoNVmYCl0yUm4pEp80vn6,badchieff,32590.0,54,2
571,2N5EUidcVv9pnicQFDeK5W,2LADE,28778.0,45,2
572,6USv9qhCn6zfxlBQIYJ9qs,Dominic Fike,959365.0,72,4
573,2vVNxGBvKRQMWwI5c8KmYh,Tujamo,233887.0,63,0
574,6S3KljEiIOWoLMUyZrkQUc,Marnik,99347.0,57,0
575,6PXS4YHDkKvl1wkIl4V8DL,Fetty Wap,4352254.0,69,4
576,3PP4drc6wQuyKstnJfXpu1,JAZN,89115.0,46,2
577,0du5cEVh5yTK9QJze8zA0C,Bruno Mars,43103624.0,87,4
578,3SvCpwSeoWCcjfo8zjPZKB,Autoerotique,67053.0,45,0
579,1Fr6agZ6iSM5Ynn2k4C8sc,VÉRITÉ,292047.0,51,4
580,137W8MRPWKqSmrBGDBFSop,Wiz Khalifa,10707810.0,82,3
581,0VRj0yCOv2FXJNP47XQnx5,Quavo,5898377.0,79,3
582,6sCbFbEjbYepqswM1vWjjs,Zendaya,3423855.0,70,4
583,6fxyWrfmjcbj5d12gXeiNV,Denzel Curry,1893142.0,72,3
584,76dRoxKtDwYkgCQePok9cU,Miksu / Macloud,73905.0,73,2
585,7uMh23xWiuR7zsNkuNcm2G,MNEK,273144.0,72,5
586,4dYQmk5ma04mZ1KJ9KkAQK,Kacy Hill,93101.0,62,5
587,5NhgsV7qPWHZqYEMKzbYvo,Faouzia,500402.0,64,4
588,1HwM5zlC5qNWhJtM00yXzG,DMX,3683467.0,70,3
589,6nef6002aZx63N9P9KSmCF,Enemy,78574.0,45,2
590,6l3HvQ5sa6mXTsMTB19rO5,J. Cole,17839233.0,85,3
591,4sihWBudLgIj87L6PRfrpT,LEXIKA,17736.0,50,2
592,6icQOAFXDZKsumw3YXyusw,Lil Yachty,8294455.0,76,3
593,5vQXzZjy86ijQhMjMb1ke4,Josi,7358.0,38,2
594,6QkidrPNY7AuI1V4xcKiqo,Mario Novembre,92982.0,49,2
595,6C1ohJrd5VydigQtaGy5Wa,Joyner Lucas,1949452.0,71,3
596,3OLGltG8UPIea8sA4w0yg0,Rahat Fateh Ali Khan,11078618.0,70,1
597,6Ql5ZUhTCAn62skkbRJWCq,DJ JEEZY,5062.0,45,2
598,3PtCud9dIdOv4exrzdZZ1C,MAKJ,124738.0,54,0
599,1sBkRIssrMs1AbVkOJbc7a,Rick Ross,6220623.0,77,3
600,2wIVse2owClT7go1WT98tk,Missy Elliott,2043639.0,71,3
601,2s0YBNTlWf61tFJwKderGS,Dú Maroc,46465.0,48,2
602,5Y8eJDj37KhaEeqbVO7Ag1,PRETTYMUCH,1218985.0,61,4
603,140rt2E4rTCFAA6R6cbyYb,Sarhad,23309.0,46,2
604,0EeQBlQJFiAfJeVN2vT9s0,Nipsey Hussle,2871117.0,67,3
605,3nFkdlSjzX9mRTtwJOzDYB,JAY-Z,7597737.0,83,3
606,5ynvmGwc83ZoRx2EIWHXLX,The Beatnuts,159680.0,58,3
607,5EUdiv20t58GCS09VMKk7M,Katy B,192632.0,52,5
608,3cKNppGLfcxdt9CtoHEZmQ,Ali Zafar,1478460.0,60,1
609,11gWrKZMBsGQWmobv3oNfW,Alison Wonderland,450897.0,57,0
610,3DiDSECUqqY1AuBP8qtaIa,Alicia Keys,9950082.0,77,4
611,1rdQOMFFtoskDXXUVjiGo9,Shweta Mohan,604293.0,61,1
612,2FKWNmZWDBZR4dE5KX4plR,Diljit Dosanjh,12700629.0,72,1
613,00CYRdkMnA0mwfy1VQPA7X,ellis,29862.0,48,0
614,5fahUm8t5c0GIdeTq0ZaG8,Otto Knows,386951.0,59,0
615,77AiFEVeAVj2ORpC85QVJs,Steve Aoki,3689746.0,74,0
616,2oSONSC9zQ4UonDKnLqksx,Atif Aslam,9934193.0,74,1
617,6jf2eKjiPT6P18RbOSLzf0,Arko,638052.0,65,1
618,2Diqn1jFkehRd9MVDGKGdq,Eddin,61454.0,57,2
619,68DWke2VjdDmA75aJX5C57,Yelawolf,2062266.0,66,3
620,1INuLZXjjVbcJRyWvD1iSq,Jack & Jack,1372603.0,61,4
621,6X8WdFjrNhXATMDSs26aCc,Curren$y,963512.0,64,3
622,3eDT9fwXKuHWFvgZaaYC5v,Sunidhi Chauhan,11237947.0,72,1
623,7ADRm1oT7VmhRRZrZqycV6,KASIMIR1441,213707.0,57,2
624,4GvEc3ANtPPjt1ZJllr5Zl,Bazzi,5124336.0,73,4
625,6SGVQ8bD0Hab6BItkqWVuJ,JURI,32477.0,45,2
626,4akj4uteQQrrGxhX9Rjuyf,Craig Mack,208327.0,49,3
627,2feDdbD5araYcm6JhFHHw7,Labrinth,2498510.0,79,4
628,2LkkwxA19J8C52wPQl5bG6,Jamie Miller,380285.0,66,4
629,41qil2VaGbD194gaEcmmyx,Will Smith,849859.0,67,3
630,5oWFxbBrbk2Mw86PLUg3OZ,18 Karat,292544.0,53,2
631,2HPaUgqeutzr3jx5a9WyDV,PARTYNEXTDOOR,4138298.0,75,4
632,1SJOL9HJ08YOn92lFcYf8a,Shankar Mahadevan,5611772.0,71,1
633,07QEuhtrNmmZ0zEcqE9SF6,Owl City,2259228.0,69,4
634,2DlGxzQSjYe5N6G9nkYghR,Jennifer Lopez,12205071.0,75,4
635,6MF9fzBmfXghAz953czmBC,Taio Cruz,2147305.0,69,4
636,3gk0OYeLFWYupGFRHqLSR7,Showtek,457392.0,62,0
637,6veh5zbFpm31XsPdjBgPER,BIA,370420.0,68,4
638,5me0Irg2ANcsgc93uaYrpb,The Notorious B.I.G.,8025041.0,77,3
639,7pbDxGE6nQSZVfiFdq9lOL,Rex Orange County,4558498.0,81,4
640,21E3waRsmPlU7jZsS13rcj,Ne-Yo,7403363.0,77,4
641,2P3cjUru4H3fhSXXNxE9kA,Blackstreet,673614.0,62,3
642,25IG9fa7cbdmCIy3OnuH57,The Chicks,1292870.0,67,4
643,7rkW85dBwwrJtlHRDkJDAC,NAV,3076713.0,79,3
644,1rSGNXhhYuWoq9BEz5DZGO,ARTY,175234.0,62,0
645,02A3cEvlLLCbIMVDrK2GHV,Starley,170317.0,57,5
646,4ETSs924pXMzjIeD6E9b4u,Surfaces,866449.0,71,4
647,7H6dkUChT5EoOQtUVMg4cN,Hunter Hayes,1160010.0,60,4
648,7bXgB6jMjp9ATFy66eO08Z,Chris Brown,16868785.0,87,4
649,7vWC03wqXwUqjPON8hc1tz,TELYKast,50890.0,58,0
650,4gJCFxvqKc43Ifk0UIBB42,Madison Mars,127721.0,50,0
651,181bsRPaVXVlUKXrxwZfHK,Megan Thee Stallion,7034241.0,82,4
652,37M5pPGs6V1fchFJSgCguX,FINNEAS,1742072.0,70,4
653,4LLpKhyESsyAXpc4laK94U,Mac Miller,7958058.0,83,3
654,4YgUVg4p7xtMOrOS4GjiJZ,Jatin-Lalit,163888.0,64,1
655,5CiGnKThu5ctn9pBxv7DGa,benny blanco,995604.0,77,4
656,04vdWVjgi45nrMAxeCEVQe,Bear Grillz,140811.0,46,0
657,3LjhVl7GzYsza1biQjTpaN,Hayley Kiyoko,1594672.0,62,4
658,4zCH9qm4R2DADamUHMCa6O,Anirudh Ravichander,12592048.0,83,1
659,7BMccF0hQFBpP6417k1OtQ,Action Bronson,722587.0,63,3
660,1Xyo4u8uXC1ZmMpatF05PJ,The Weeknd,49387909.0,93,4
661,2tIP7SsRs7vjIcLrU85W8J,The Kid LAROI,3981889.0,82,4
662,2ht3wxeT69CzyKFChNnNAB,Big Boi,400824.0,56,3
663,49tQo2QULno7gxHutgccqF,LANY,4973786.0,74,4
664,21H6paZGGR6dQpVmAqbdzV,1986zig,69588.0,59,2
665,1l2NYhptmHjo64MDOcej1x,LOVA,25714.0,52,5
666,6QtJ6BVdj43aDpgjnVp2tY,Mohammed Irfan,1192703.0,60,1
667,2yqHVMUJy2Wxl7HVsp4Se5,remme,10605.0,50,5
668,72y6W9pGy97xTM44dwy3F6,BILLA JOE,9487.0,48,2
669,5j21TGkrNEAJe3gG9VlS34,Shindy,843430.0,64,2
670,42qq1SQuTH1AT2daN3fLMt,Four of Diamonds,52968.0,37,5
671,3QTDHixorJelOLxoxcjqGx,SiR,723805.0,63,3
672,2ZT8zCu4xXbz7R1R0EzqWO,Pronto,44509.0,53,2
673,2hPgGN4uhvXAxiXQBIXOmE,KIDS SEE GHOSTS,890757.0,61,3
674,0t6A5IoqSxQzxmMoDkS9Cv,Hemso,73273.0,48,2
675,2Sqr0DXoaYABbjBo9HaMkM,Sara Bareilles,1830698.0,66,4
676,15N4o2rfEABILEVPXZIlo1,Mortel,38684.0,46,2
677,6NEekR0i3JC1r4BntSjskE,Call Me Loop,64735.0,42,5
678,3NPpFNZtSTHheNBaWC82rB,X Ambassadors,2699507.0,70,4
679,4xnMDfgEmXZEEDdITKcGuE,Audien,170268.0,60,0
680,1ul8iLt2WnFe2UIyovjg7q,reezy,230525.0,62,2
681,47z7ZrgFoBvVpCnElCE3Zh,Yellow Claw,1009262.0,63,0
682,1IELhvOMg5VQlU7syRm6CS,CAZZETTE,332787.0,50,0
683,4RnBFZRiMLRyZy0AzzTg2C,Run The Jewels,993613.0,62,3
684,7jVv8c5Fj3E9VhNjxT4snq,Lil Nas X,11793779.0,81,4
685,1qE4CSDyGGLsSBOtlWoYqX,Delil,41672.0,35,2
686,5JSXWmQO8csVUy6hSRu8TA,Maty Noyes,260017.0,53,5
687,7iZtZyCzp3LItcw1wtPI3D,Rae Sremmurd,6924845.0,72,3
688,6XFQvBHGEr3mRfOHcqPXv8,XATAR,449988.0,55,2
689,3OYM3jjPVR60kOqmamRRgk,Prinz Pi,369980.0,54,2
690,4Gso3d4CscCijv0lmajZWs,Don Toliver,2274041.0,78,4
691,2gtmbs0Uas9TBSMqkA4zjE,Data Luv,58916.0,48,2
692,7qHsapL39aTQsPhixtzVvy,Ayushmann Khurrana,3347052.0,62,1
693,0Dvx6p8JDyzeOPGmaCIH1L,RAF Camora,1561407.0,78,2
694,7z5WFjZAIYejWy0NI5lv4T,Dan + Shay,2739071.0,72,4
695,68LM3gnzfl4W5fkfLIxbQJ,Mois,57810.0,42,2
696,7jkdo74SDT1PYu6Ksbusxa,Edin,38648.0,46,2
697,4YRxDV8wJFPHPTeXepOstw,Arijit Singh,58523986.0,86,1
698,1vLew3o8JIJ9XTCRkOCCbb,Sipo,19801.0,37,2
699,6VjbeCqoayiHYnefrisskv,Kay One,403549.0,54,2
700,4jpsw9CQS439N0B7SecMgf,Ant Saunders,84882.0,52,4
701,6CXEwIaXYfVJ84biCxqc9k,Vishal Dadlani,6281364.0,69,1
702,1E8mXBWN7AXZCOPYbOky4J,Jazeek,7755.0,47,2
703,27w1NoOLMX7tJMYqcetPyG,VIC MENSA,588798.0,60,3
704,7jDSMakHqXFe8kIaXfz8jD,Schwesta Ewa,242980.0,51,2
705,7LnaAXbDVIL75IVPnndf7w,Jamie Foxx,1014816.0,68,3
706,23zg3TcAtWQy7J6upgbUnj,Usher,9973798.0,78,4
707,4uiMn2g0pgTrhN096QJhbp,Borgeous,570855.0,55,0
708,3FUY2gzHeIiaesXtOAdB7A,Train,4115397.0,72,4
709,25fqWEebq6PoiGQIHIrdtv,Baauer,187121.0,53,0
710,4Yttlv9ndGjCDCVLqM7ACq,Sido,1859230.0,71,2
711,00FQb4jTyendYWaN8pK0wa,Lana Del Rey,17713208.0,87,4
712,5pKCCKE2ajJHZ9KAiaK11H,Rihanna,50002769.0,87,4
713,0vRvGUQVUjytro0xpb26bs,Arizona Zervas,684794.0,66,4
714,5rRcnWrevHgbuWjl7Lhft7,Merk & Kremont,93529.0,48,0
715,2FXC3k01G6Gw61bmprjgqS,Hozier,5206690.0,76,4
716,0ZxZlO7oWCSYMXhehpyMvE,COIN,556799.0,66,4
717,0NGAZxHanS9e0iNHpR8f2W,Alok,11765605.0,79,0
718,3MdXrJWsbVzdn6fe5JYkSQ,Latto,874990.0,73,4
719,47izDDvtOxxz3FzHYuUptd,McFly,433427.0,56,5
720,5iJuniDT0LFzXnMoLI1YFV,Seyed,72250.0,40,2
721,13ubrt8QOOCPljQ2FL1Kca,A$AP Rocky,11299781.0,81,3
722,2uYWxilOVlUdk4oV9DvwqK,Mitski,3614696.0,79,4
723,0A0FS04o6zMoto8OKPsDwY,YG,2918600.0,75,3
724,5pVRwX5ZQR7hfJ18w8ZYkl,Ufo361,1852413.0,70,2
725,1mBydYMVBECdDmMfE2sEUO,Sachin-Jigar,1164511.0,69,1
726,4tgxFlmtGx08MtTKWeqEuR,Amitabh Bachchan,1157053.0,54,1
727,36caCzfSrrL7a8Mvd1SuRr,Chapo102,64705.0,62,2
728,6vXTefBL93Dj5IqAWq6OTv,French Montana,4648251.0,76,3
729,47BEc2RoW53owMyxacXWdV,Yves V,274481.0,62,0
730,1U1el3k54VvEUzo3ybLPlM,Kali Uchis,3166377.0,79,4
731,3p22sjFokQUthzPg63kqfP,Erabi,21802.0,45,2
732,7o95ZoZt5ZYn31e9z1Hc0a,Natasha Bedingfield,1482407.0,64,4
733,7wqtxqI3eo7Gn1P7SpP6cQ,Salt-N-Pepa,670928.0,60,3
734,7HCqGPJcQTyGJ2yqntbuyr,Amit Trivedi,5689136.0,68,1
735,4NZvixzsSefsNiIqXn0NDe,Maggie Rogers,866455.0,67,4
736,73KwqWuob0R53I14Vs56p9,Jesy Nelson,39293.0,45,4
737,6M25WWmNO7wK1DnKmd3z6R,CXLOE,46014.0,42,5
738,0CbeG1224FS58EUx4tPevZ,Timmy Trumpet,937667.0,72,0
739,4OBJLual30L7gRl5UkeRcT,T.I.,4332136.0,73,3
740,3PlRvQnVE3XAbtHUNc4nic,GATTÜSO,34184.0,55,0
741,7vk5e3vY1uw9plTHJAMwjN,Alan Walker,35053203.0,80,0
742,1ZwdS5xdxEREPySFridCfh,2Pac,13505422.0,79,3
743,59wfkuBoNyhDMQGCljbUbA,Diddy,1355786.0,72,3
744,3r17AfJCCUqC9Lf0OAc73G,Fergie,5080656.0,69,4
745,7LImGq5KnzQobZciDJpeJb,Charlotte Lawrence,994414.0,61,4
746,6tbjWDEIzxoDsBA1FuhfPW,Madonna,6334881.0,77,4
747,17esEoE9uEHFKuzkar2UL0,Tony Junior,127838.0,51,0
748,6aX6KqXgEcARRHwvWxHcFW,Johnny Orlando,725972.0,62,4
749,0g9vAlRPK9Gt3FKCekk4TW,Ab-Soul,939109.0,57,3
750,1KCSPY1glIKqW2TotWuXOR,P!nk,13648844.0,79,4
751,55fhWPvDiMpLnE4ZzNXZyW,Noah Cyrus,1021256.0,71,4
752,5ZY4M2aGiTaZQEP6HfqeJc,Montez,89367.0,65,2
753,474Q0FLKeKJZpGZgvo8QdD,CALO,29897.0,51,2
754,1a71mkqZC54WhePSbnq7RK,Majoe,316282.0,52,2
755,3yMmYEklQ7gLOZXEFNd3xr,Palak Muchhal,4124245.0,67,1
756,1QvyquqkuuwUzdszyoKIy4,Haricharan,1440412.0,67,1
757,0n1kV1G3NQrfuLGJosIGxb,Longus Mongus,75118.0,65,2
758,2SdOKxC1sSxEyv8JYERaNe,RuPaul,655032.0,58,4
759,50co4Is1HCEo8bhOyUWKpn,Young Thug,7455539.0,84,3
760,3Lat1XFXy1jjal8bckU6ZQ,Charmes,21547.0,38,0
761,3tQx1LPXbsYjE9VwN1Peaa,Marc E. Bassy,400395.0,62,4
762,21WS9wngs9AqFckK7yYJPM,PnB Rock,3484324.0,73,4
763,5Sjj30aHCmKcM9SdVX7PBK,GRiNGO,261620.0,58,2
764,1Zp054Jc86WVKCxKEqZGOA,Jack Garratt,352486.0,46,5
765,3rWZHrfrsPBxVy692yAIxF,WILLOW,2234179.0,76,4
766,1FXdfOOisB3d3hfZOjhjID,Esther Graf,16288.0,52,2
767,26VFTg2z8YR0cCuwLzESi2,Halsey,18336232.0,83,4
768,7tYKF4w9nC0nq9CsPZTHyP,SZA,8374364.0,83,4
769,5sm0jQ1mq0dusiLtDJ2b4R,Eric Prydz,513610.0,63,0
770,1pPWAweVqMBxqTvvWEVtQc,MotB,4318.0,41,2
771,28ExwzUQsvgJooOI0X1mr3,Jay Rock,1290034.0,70,3
772,20qISvAhX20dpIbOOzGK3q,Nas,2963116.0,72,3
773,04abdnqPQe2N4fjztDea6z,Austin Mahone,1989356.0,60,4
774,2RhRT6DNOVoDTfS0rG31pZ,Project 46,49785.0,44,0
775,6tzRZ39aZlNqlUzQlkuhDV,Pabllo Vittar,3881686.0,65,4
776,5LHRHt1k9lMyONurDHEdrp,Tyga,6638519.0,80,3
777,0oJM3iJjMdzgsd4z5VHQvw,Professor Green,345859.0,49,5
778,3gkbRDj7pkIylWVBpRfrQf,Nura,252751.0,50,2
779,1kgxTtyF91VaqLD3J6Krd5,Hellberg,50613.0,45,0
780,4DdkRBBYG6Yk9Ka8tdJ9BW,Offset,2423459.0,78,3
781,4GJrFqexwHiTMZWjaPEkTy,LAYLA,21036.0,46,2
782,3nDNDLcZuSto4k9u4AbcLB,Marteria,817944.0,61,2
783,1bT7m67vi78r2oqvxrP3X5,Naughty Boy,321853.0,61,5
784,3T0HSMgUpuH1hXbT1JPwQF,Redondo,27580.0,52,0
785,0UwDgULqasKVT9gjTZsmIn,EREN CAN,91186.0,47,2
786,6fOMl44jA4Sp5b9PpYCkzz,NF,7430819.0,79,3
787,2TiXt00aPsggbxZxL1RaG7,KUMMER,167433.0,60,2
788,55Aa2cqylxrFIXC767Z865,Lil Wayne,12587804.0,85,3
789,15iVAtD3s3FsQR4w1v6M0P,Chief Keef,3439081.0,73,3
790,16p58qwRDJuScHWUUtv7Tt,Belah,53310.0,51,2
791,5LeiVcEnsZcwc133TUhJNW,Belinda,1534292.0,71,4
792,7mnmr8BPHhEEYFwIHlclFt,KazOnDaBeat,36673.0,48,2
793,2NJWI8byqTSqDaJRnqJY2z,KALIM,277952.0,62,2
794,6nB0iY1cjSY1KyhYyuIIKH,FKA twigs,1063426.0,64,4
795,5TfpwNDNvEPPjWk65OrtmV,Sugar MMFK,88470.0,50,2
796,085pc2PYOi8bGKj0PNjekA,will.i.am,3831824.0,72,4
797,4IVAbR2w4JJNJDDRFP3E83,6LACK,3635051.0,75,3
798,2gSIgsQWEHbWvOiFvhvx3g,OMG,40975.0,52,2
799,0RViEWnZO2VhmY4oI0PhF9,Mesto,112364.0,53,0
800,3aQeKQSyrW4qWr35idm0cy,T-Pain,4002009.0,77,3
801,3IrUyDPQlQFcB5lMWhPml2,SSIO,534904.0,58,2
802,3pMYJHAY5ErzmJQVWb8VX6,Lune,136341.0,57,2
803,6U1dBXJhC8gXFjamvFTmHg,Zac Efron,751236.0,68,4
804,1ZpLpz4tFdvUocboq1KX3M,Big Pat,13652.0,60,2
805,7kABWMhjA5GIl9PBEasBPt,Sunnery James & Ryan Marciano,64465.0,54,0
806,3iri9nBFs9e4wN7PLIetAw,gnash,1583494.0,64,4
807,3hcs9uc56yIGFCSy9leWe7,Lil Durk,4537095.0,84,3
808,1pbHrVayIcVpHI9z97u4bK,Bingo Players,473669.0,59,0
809,0FJz7XR37hH69traaHLijA,Shaarib Toshi,1061026.0,62,1
810,0Y5tJX1MQlPlqiwlOH1tJY,Travis Scott,20990560.0,87,3
811,4rTv3Ejc7hKMtmoBOK1B4T,Ali Gatie,1948195.0,71,4
812,0oOet2f43PA68X5RxKobEy,Shreya Ghoshal,13690681.0,79,1
813,5Pmsa0FeoMFWsjhpo2bIAK,JIGGO,95867.0,51,2
814,0xOeVMOz2fVg5BJY3N6akT,Jaden,1803235.0,69,4
815,5Azjcil94cSjssZgE0IKDe,Anonym,72571.0,49,2
816,2SkU1ixh8yKxOslFcuMmji,Xidir,8969.0,33,2
817,66CXWjxzNUsdJxJ2JdwvnR,Ariana Grande,83045090.0,88,4
818,7vb7VLDqpLTlAy1ctTMR5d,Alex Gaudino,108730.0,59,0
819,5SuRAj1A9FEHj5NxS86YAm,Shafqat Amanat Ali,1549867.0,62,1
820,2jw70GZXlAI8QzWeY2bgRc,Nelly Furtado,3207679.0,74,4
821,2WzaAvm2bBCf4pEhyuDgCY,Ruth B.,2209651.0,75,4
822,1Cs0zKBU1kc0i8ypK3B9ai,David Guetta,24692289.0,88,4
823,4LwRgSkj7AJJTKLnEaHjMv,Lucio101,225307.0,62,2
824,33qje3nPM5TBq2aBFny5IT,Sero,34812.0,48,2
825,3NyNPJaemMYsL14DK2tO01,Cheryl,540453.0,53,5
826,2LIk90788K0zvyj2JJVwkJ,Jack Harlow,2532786.0,83,4
827,15jrieCvf3EklAScnD9kKl,Sak Noel,132841.0,55,0
828,2s7Oijd4mFGgEkhYJtf3sJ,Shane Codd,17143.0,57,5
829,2S9W9aSAd7e5mp8WqWxN2h,Hilary Duff,2150239.0,57,4
830,02kJSzxNuaWGqwubyUba0Z,G-Eazy,5094191.0,75,4
831,3VRyybsQu0MDG0F2LBxnv7,Noizu,43524.0,58,0
832,2wX6xSig4Rig5kZU6ePlWe,KSHMR,1663364.0,66,0
833,6P5NO5hzJbuOqSdyPB7SJM,Ashe,1186377.0,69,4
834,7J0LWYD28ay7XQBjlWL9jM,Brudi030,76176.0,47,2
835,1yIifIA91WgmfzBcjbQB8i,Kurdo,718248.0,59,2
836,64KEffDW9EtZ1y2vBYgq8T,Marshmello,34229273.0,83,4
837,4WZGDpNwrC0vNQyl9QzF7d,Capital Bra,4309526.0,71,2
838,1GdFniPzxbAmIGIn89RwoI,LUIS,35730.0,59,2
839,3V0ZQW0dNuVaFtbVYgSI24,Claire Rosinkranz,317711.0,64,4
840,0T1CMVkqffHlqEk4BcAph1,Tulsi Kumar,5245751.0,70,1
841,62TYO8MQIPGNVne59x3AqS,Ansu,41472.0,44,2
842,0ZED1XzwlLHW4ZaG4lOT6m,Julia Michaels,4541950.0,74,4
843,3mmI5HKArDwgggj4j0aJyC,BHZ,269701.0,68,2
844,3Mn6d673ieRza7uw6zY2Zv,Hava,245388.0,55,2
845,6qqNVTkY8uBg9cP3Jd7DAH,Billie Eilish,68407227.0,88,4
846,3coXUO5EiwR37nzX4xWjIV,Busy P,53308.0,36,0
847,1l7ZsJRRS8wlW3WfJfPfNS,Christina Aguilera,7115205.0,77,4
848,5ivCbtrcD5N4rD337xIb2z,MisterWives,419230.0,59,4
849,3rZxAl7fnH4NDynhJm3MUm,Kolja Goldstein,45171.0,58,2
850,7MSwVATA5fRIxRA6Z0BmTe,Eunique,77219.0,44,2
851,3HiuzBlSW7pGDXlSFMhO2g,Young Dolph,2188566.0,72,3
852,70K2T1XaPolANoZ2YjcoVW,UNTER OBSI,6264.0,37,2
853,1YQg0jqLV5RT98HjMXxzaO,TheDoDo,25335.0,49,2
854,67MNhiAICFY6Pwc2YxCO0K,Elley Duhé,315518.0,75,4
855,2W8yFh0Ga6Yf3jiayVxwkE,Dove Cameron,3730603.0,73,4
856,6jJ0s89eD6GaHleKKya26X,Katy Perry,22399985.0,83,4
857,5VVN3xZw1i2qihfITZlvCZ,G. V. Prakash,4523116.0,67,1
858,2DysK49GjODUdRupTMZrfb,Schmyt,64079.0,62,2
859,2HIP5sNZWkrPgSBWRk8XpA,SIRA,1549.0,61,2
860,07SFzTMeYf5P8Rd32a9Zzw,AK AUSSERKONTROLLE,757558.0,63,2
861,6iHHxsJtBAUzLXbqUr0bbK,Favorite,98561.0,43,2
862,5eioJDe26lOqkAMbuhzZYs,Gzuz,1276627.0,72,2
863,3QLIkT4rD2FMusaqmkepbq,Rachel Platten,848366.0,62,4
864,70kkdajctXSbqSMJbQO424,Kacey Musgraves,1165679.0,69,4
865,03d2mJXSMtuPI0nIvLnhoS,Zoe Wees,342921.0,68,5
866,0LSPREIgGMZXCuKVel7LVD,Karthik,1796972.0,68,1
867,0jEyGu5QKLxQ2tIZVnRbfE,Monk,45224.0,64,2
868,2o5jDhtHVPhrJdv3cEQ99Z,Tiësto,6497410.0,82,4
869,0JBdTCGs111JKKYfLqOEBa,Shirin David,799470.0,60,2
870,5OdVywqKqyCWwfE2fZb7IX,Chico Rose,29088.0,58,0
871,6VD4UEUPvtsemqD3mmTqCR,Deorro,1195407.0,66,0
872,6vbY3hOaCAhC7VjucswgdS,Twista,878388.0,66,3
873,6QzzeKV0VcnT2vJMYDPuL4,Trettmann,439892.0,58,2
874,3ApUX1o6oSz321MMECyIYd,Quinn XCII,715592.0,67,4
875,7LQLsKs1Qulq0BxYdhRnBU,Azad,298065.0,55,2
876,3TVXtAsR1Inumwj472S9r4,Drake,66852536.0,95,3
877,6DPYiyq5kWVQS4RGwxzPC7,Dr. Dre,7932231.0,79,3
878,7adCbfW9aRcBxWhuuSNXTo,Florentina,20492.0,54,2
879,3gIRvgZssIb9aiirIg0nI3,Jeremy Zucker,2021467.0,73,4
880,6oFs3qk4VepIVFdoD4jmsy,PVRIS,606317.0,63,4
881,1xNmvlEiICkRlRGqlNFZ43,Axwell,1554381.0,60,0
882,2CIMQHirSU0MQqyYHq0eOx,deadmau5,2743428.0,67,0
883,1QDrz3DMMaz3TB1cm0PGDu,Justin Jesso,48096.0,58,5
884,3RqBeV12Tt7A8xH3zBDDUF,Kelsea Ballerini,934954.0,70,4
885,3CQIn7N5CuRDP8wEI7FiDA,Run–D.M.C.,1147506.0,61,3
886,6S0dmVVn4udvppDhZIWxCr,Sean Kingston,2768387.0,69,4
887,5ChF3i92IPZHduM7jN3dpg,Nicky Romero,2192896.0,64,0
888,1bTROl5p3rGTpvKeWnGgrw,Sohail Sen,634146.0,58,1
889,0RESbWvOMyua0yuyVrztJ5,Key Glock,1317174.0,74,3
890,7r8RF1tN2A4CiGEplkp1oP,Ginuwine,2261666.0,66,3
891,1aS5tqEs9ci5P9KD9tZWa6,Bonez MC,1901525.0,78,2
892,5fvTHKKzW44A9867nPDocM,Ajay-Atul,1828485.0,62,1
893,0t3QQl52F463sxGXb1ckhB,Betty Who,281939.0,57,4
894,5wwneIFdawNgQ7GvKK29Z3,Lucas & Steve,421496.0,65,0
895,6jL3G5P8rxfUamkyqmRJNU,Marsimoto,217969.0,42,2
896,4xgFgBZ7CRtgtHcziClOwQ,MOGUAI,96828.0,55,0
897,383oETDEKIqNlLQKbse82n,Soso Mcr,11403.0,45,2
898,7mYMOwpduul48upxZCfFBS,Alicia Awa,21409.0,44,2
899,0TytASn0kOZkCpjYTrXsBt,Vaults,78467.0,47,5
900,5dHt1vcEm9qb8fCyLcB3HL,A$AP Ferg,3344860.0,71,3
901,4FqPRilb0Ja0TKG3RS3y4s,Steve Angello,573884.0,56,0
902,7tjVFCxJdwT4NdrTmjyjQ6,Muni Long,171430.0,64,4
903,5u3pCSkmkWnwJ3LLEkfccG,TEMPZ72,10189.0,43,2
904,7HkdQ0gt53LP4zmHsL0nap,Ella Mai,4555178.0,70,4
905,6O890U7Xkm0uSLQ813NLgP,Coach Bennet,15005.0,40,2
906,0L5GV6LN8SWWUWIdBbTLTZ,Shankar-Ehsaan-Loy,2792164.0,67,1
907,7n2wHs1TKAczGzO7Dd2rGr,Shawn Mendes,39186962.0,84,4
908,56oDRnqbIiwx4mymNEv7dS,Lizzo,4995092.0,80,4
909,5Vuvs6Py2JRU7WiFDVsI7J,Lucky Daye,440587.0,68,4
910,4fwuXg6XQHfdlOdmw36OHa,Paloma Faith,1084291.0,72,5
911,7hJcb9fa4alzcOq3EaNPoG,Snoop Dogg,8686870.0,84,3
912,30DhU7BDmF4PH0JVhu8ZRg,Sabrina Claudio,1424333.0,63,4
913,2t1vHqFELDwweQWM6JYxHG,Kelvin Jones,47605.0,58,5
914,4VuARVJiWGsH2msKTdsKdQ,Veysel,801201.0,61,2
915,7f5Zgnp2spUuuzKplmRkt7,Lost Frequencies,2479248.0,77,4
916,6dC0rIJNLSFZwqckLgXJ8p,Timeflies,324519.0,55,4
917,0x3PXj1WnuW7YsBxQK57xM,Ruben,54190.0,56,5
918,3eSn9mqkLzdmxzHJ9KDPmC,Ramo,59011.0,51,2
919,2L16nDKTxhFGaDriR2AHTB,Lucky Ali,2015935.0,58,1
920,7svWIUSwHbHQUw2gK1PfNh,A. R. Reihana,1885.0,60,1
921,5PQVAGtwANqHreEKQJthOU,negatiiv OG,79781.0,52,2
922,6GEykX11lQqp92UVOQQCC7,DJ Premier,221394.0,61,3
923,4zymhxzJ0UJc74tMHGyoWs,Dirtyphonics,157844.0,46,0
924,3u4qXYRgHgU7YtjZt9sduX,Eyelar,5513.0,57,5
925,6NFWb2y6S7PH2yvs5xbO2y,Sticky Fingaz,88292.0,45,3
926,3FAUGHLioXySQ1QTnCOWQC,Croatia Squad,54653.0,45,0
927,7f9f5zKkxu7tvX5uj7lVwP,toobrokeforfiji,14019.0,43,2
928,1294QqYm1VuxxjRiL9M0h9,UPSAHL,271503.0,62,4
929,6IjhOxJSTPh15KgFTSZ68K,Grand Puba,134167.0,48,3
930,5SvTdw7YJCcrlILU5FMc1F,Camaeleon,28839.0,55,2
931,1WGex9YdmT4TZjmmMirZA8,Dirty Audio,28139.0,42,0
932,0b2XeWDPeBiLeskT6RFqMb,DJ Quik,758305.0,54,3
933,2tFjeCx8NJhn7JBTTiWT30,Sapna Awasthi,8752.0,49,1
934,1g8uGVofjr2ApBrI8OZhJf,DJ Clue,225723.0,45,3
935,6sJv90msSga6IyTzOqW3Bh,Yung Vision,14938.0,46,2
936,3K9qRRRqtuxgBRLxRCxpDl,Srinivas,1355967.0,59,1
937,4H9W4cb3X0qRpv87yKV7fV,Kwam.E,60958.0,51,2
938,7AjokpCIqf0gHMZJlodw2k,Suga Free,330486.0,47,3
939,383SVV0agxDRv1X2dKHsUb,Danju,34696.0,50,2
940,2pAWfrd7WFF3XhVt9GooDL,MF DOOM,1494932.0,74,3
941,7fDLDq2weBagiAFD2j17Al,Sadat X,53040.0,43,3
942,4tujQJicOnuZRLiBFdp3Ou,Xzibit,1598068.0,66,3
943,6gJE2UbjRlQBb0dFmMQTm0,Starkillers,21348.0,39,0
944,4xlqU0G9EloUPHL1qlmWY6,Gopi Sundar,373557.0,56,1
945,50UMTib697JJ44le8DO2Va,Tony Yayo,293941.0,54,3
946,7JmNUb5QPlIV4psjRqNsID,Eli Preiss,10568.0,35,2
947,2WF98XZm8JxtzckaDNo056,Shadow030,29560.0,37,2
948,6lpXKoHUzxZc5PwyS6cu4C,Poornima,26394.0,49,1
949,4UwR1ir6PovnQiwX5jRPvF,Anti Up,26695.0,47,0
950,4dvZ0abeUaiHm7Fu9Gj0PQ,Eptic,182480.0,50,0
951,4Z0t0LHjOjFRiv0mjBw206,Aditya Narayan,80366.0,50,1
952,7Bas810ryhkpkV2wBkZ8gv,GAMBINO 36,11119.0,41,2
953,0poY7P0383HcWLOKv5EHed,C. Sathya,60196.0,48,1
954,7N0SBLJFpCyQSsv4MfRJ5d,Swarnalatha,772882.0,62,1
955,6aQ5LDX0WlnyDLI8TGU0wK,Rajesh,151907.0,49,1
956,2jPZMiD3iOuqGD9VLVapNv,Tommy,15370.0,45,2
957,4VmEWwd8y9MCLwexFMdpwt,Method Man,1748455.0,71,3
958,22282KfMxDo2PMjnBc82I4,Biz Markie,335301.0,49,3
959,7lkL9oVWXjPsVbLh4o1j6Y,Hemlata,177515.0,47,1
960,1AWNf5CLnHH4oM1hcHiVeV,The Cool Kids,140581.0,42,3
961,26JVnujQQ3lEML8t9p3X1J,Blinders,36565.0,42,0
962,2owjgBZQ70LoCNHIgW3gSk,Anand-Milind,108134.0,46,1
963,1SQeTDXO492WB6aFvrntSS,Lily Moore,43773.0,46,5
964,3Xt3RrJMFv5SZkCfUE8C1J,Kim Petras,796617.0,74,4
965,4UxLFBvSr4xMDpHe1lrLrH,Ross Lynch,881171.0,63,4
966,0lEssBAxQl2In4RpaB1C2Y,Talib Kweli,536380.0,55,3
967,1jtuCB1QvOAOiyXxqxBeOz,Manjari,297777.0,46,1
968,3V1h3kAdiVDBiwlY2i6dJz,12th Planet,179837.0,46,0
969,4DabGEOrvBxxta0YlaaJpJ,Axel Boy,35092.0,42,0
970,0MfzqYTUxvM1W0Oeyl99qP,Herzog,70389.0,44,2
971,46UxF4P7x9FUigK1O2sSsV,Brotha Lynch Hung,249418.0,47,3
972,3TQ9JTBI2n2hfo7aRONEYV,Sir Mix-A-Lot,474947.0,55,3
973,4oVMLzAqW6qhRpZWt8fNw4,Kailash Kher,4044854.0,64,1
974,2x6jz70u3sZq75tW10akUW,Sean Price,159807.0,48,3
975,26s8LSolLfCIY88ysQbIuT,Three 6 Mafia,1075479.0,63,3
976,01nVIuD8YZsnFH6x6Cc9rX,Large Professor,82769.0,46,3
977,0uFc6StTmJBvdHPZFDkdJy,Casey Veggies,304854.0,53,3
978,60f431EIEmwOfJJOJhdyQR,Bela Shende,161621.0,51,1
979,0S2dfczvN0sOxEw559snHT,Tiggs Da Author,30635.0,57,5
980,2amyu5pkgYMYdNQZmB3GgY,Dog Blood,51864.0,40,0
981,3abRKajGbb3kLMy9AWzfMA,BIJOU,34864.0,46,0
982,5X0V59ipZnbvnubW0rQVri,Roc Marciano,110670.0,55,3
983,3vXBH4XwXSLM1YIrRBt98k,Mohammed Aziz,89950.0,56,1
984,6vunRaBya0Sx6CMJZAlHTZ,Rahzel,13246.0,41,3
985,0k7Xl1pqI3tu8sSEjo5oEg,Paul Wall,722779.0,61,3
986,7HqrSDuI9lHuH1CDismTFg,AZ,310397.0,55,3
987,7gRhy3MIPHQo5CXYfWaw9I,Azealia Banks,885003.0,61,4
988,7muzHifhMdnfN1xncRLOqk,Flux Pavilion,708767.0,57,0
989,1uTflFWGMlfaiaS8OzS7sk,Reena Bhardwaj,2994.0,23,1
990,3kzGeGPP5gd5KAMm6QggHV,Anup Jalota,344333.0,48,1
991,5LZ894xYE9MG1sal0gjt5L,Anupam Roy,961796.0,56,1
992,4bYwbb6k4ujHD2NXRxSwRP,Robbie Rivera,40143.0,46,0
993,55FVjkpZs1zuo3zqBgrKtC,Kaivon,70207.0,51,0
994,7eYwycsUoAQLxKF1MNEvVa,Rabbi Shergill,401471.0,39,1
995,0DRf6JJDQnRnz0Yp209CmH,Stadiumx,109315.0,48,0
996,13XOdftLPuWTn5iH2bUq2B,Tiavo,12101.0,38,2
997,5Gi9FP1m5OCW7sYwetsUBd,Marvin Game,93769.0,44,2
998,4LnYRxNZVCTsDCO2xKjOn8,Shahid Mallya,17273.0,55,1
999,7CxdGFcZV0dgrz4D35aG6o,Melleefresh,18540.0,32,0
1000,7Bo6vpAmmhylCRWoHSBkcZ,Steff da Campo,24421.0,54,0
1001,21VV9fUe6whK3Zo2BPoHnd,Celo Minati,11407.0,34,2
1002,5aEWnrN8h3MhuFUPRfaVuy,Case,772578.0,55,3
1003,5SyCTZ8X8YQCI0J1VRp4iC,Phonte,79799.0,47,3
1004,4joteb3wCfZYGKjvF0XvLx,Prashanthini,509.0,57,1
1005,71hjb5G92mGoKRSAW3Cj00,Anu Malik,2160738.0,58,1
1006,0NB5HROxc8dDBXpkIi1v3d,Remi Wolf,309805.0,65,4
1007,0deIjoDjl9g9Zpw0sCIOHh,Valentino Khan,220181.0,57,0
1008,0qHfqHyHZnxvv1lfkJraQc,Skyzoo,77331.0,39,3
1009,0BHmngMFUcxPta4njTSMuU,Diamant,15387.0,41,2
1010,3TXjnAw0sg1VVdnR9fGdBs,Hamzaa,25371.0,43,5
1011,1hSKIb96KuZ2SScNbnHCqU,Kevu,22999.0,46,0
1012,3XINWZaloea97SIRiyTJxX,DubVision,297690.0,61,0
1013,6icGUGLUKCVB5esdQXdjiw,Soham,194783.0,42,1
1014,62sPt3fswraiEPnKQpAbdE,Bobby Brown,973493.0,56,3
1015,5hgtt9tLxsxvRMWrnxNWVW,P. B. Sreenivas,182709.0,46,1
1016,2ZRrPOjBIWoKK5rHedLijj,Abhijeet,2148459.0,64,1
1017,37U9sPqTZMd7AKJCWgcvkt,Pryda,134622.0,44,0
1018,0LgrViZrCyMgg5MfTc33bd,EDDIE,17848.0,43,0
1019,41xWdsy3l8eM7xRhv11FoK,IMHIGHIMSORRY,382.0,17,2
1020,3cowxATurZfjWsJC4uEHsl,Jassie Gift,262962.0,53,1
1021,02Um2HIOrUdsy3wqPBZwsj,Hemant Kumar,934201.0,52,1
1022,6TqHWporEvKAPW4jtZXBCH,Albozz,9562.0,38,2
1023,74yjU6gHx05PeHAokao6DS,NUGAT,24669.0,48,2
1024,4MbFOE7rR1KpTjHTw1gjWH,D-Nice,79511.0,41,3
1025,1k78cRCnTM3T7EhvhVeaKX,Xilent,52513.0,33,0
1026,2qxkFauoxk34qhVdkgbqbz,LUVRE47,30862.0,48,2
1027,5gvyySuBMClBPfubvOjrIR,Kay Kay,50398.0,51,1
1028,5V2urhkwH9CIcojcYnvKRg,Leaders of the New School,86880.0,29,3
1029,4KLgHjQieY43a6kj6WVyxx,Dj Aqeel,5198.0,37,1
1030,1J2VVASYAamtQ3Bt8wGgA6,Ja Rule,1492854.0,68,3
1031,6YiHht3u7FFszle72kpbdQ,Lil Duval,59007.0,43,3
1032,4HQeSXwG2BVH0KvxHE5oCf,Suzanne D'Mello,4230.0,60,1
1033,19EW4WBhl0fvZUQgi7wV5M,QUIX,57492.0,46,0
1034,2H5RJPxjfOKonBVphYdRzG,EstA,17752.0,50,2
1035,6xQvQwZQQuq9R3TdPNbcR8,Bassjackers,716935.0,59,0
1036,5jYPpt8OQR5IRc2w4RFEJj,Bass Sultan Hengzt,109279.0,46,2
1037,4s8ZGMVf3OiPktSP4ulpqU,9th Wonder,179983.0,55,3
1038,2wPsNCwhEGb0KvChZ5DD52,K. J. Yesudas,3427311.0,66,1
1039,3adwCIFf97kIoMi42TCP5y,Deepa Miriam,117.0,46,1
1040,2yh2yg3b2viRskto7M1cx7,TM,26115.0,59,2
1041,0FvgCHaMG7KL6M83yJuhmL,Stephen Walking,51974.0,43,0
1042,5gP4aEL0OvBlxgvod5C8jL,SUVI,838.0,48,1
1043,3aiVrUEKRgBLXMGsh2IIJ5,NOK1D,12829.0,48,2
1044,7ERTOmWXRyme5WJUpXVVSl,Oski,24609.0,42,0
1045,74pYbw2hCJjXyYitTfyT9F,NARU,16154.0,41,2
1046,6qGkLCMQkNGOJ079iEcC5k,Ben Platt,452137.0,65,4
1047,2j9QVMZlqIj4Cb9UISBrXK,Clinton Cerejo,338418.0,58,1
1048,1tBU8jUEdVR3mqSsAqEGfD,Tommy Trash,143128.0,54,0
1049,0w4e7HVbqAHFPN6VkIlvhe,Suresh Wadkar,958665.0,59,1
1050,07pfRuQX86iRuYx3gPCtXD,T. L. Maharajan,51318.0,40,1
1051,3MTk6MUbUmV5X0N04N56JF,Carta,18155.0,48,0
1052,6SvFyXN6qzhw95Bj4HoevV,China Anne McClain,635680.0,59,4
1053,0Aemly9h57T2sLKpkNq409,LOOPERS,54055.0,38,0
1054,6MFULpkCpjw47aMa1Z5m1i,LOKO BEN,75675.0,46,2
1055,67gqUXxHedeUGDTxwBzdjS,Conway the Machine,211923.0,61,3
1056,6JOYrJkaS8ZKxLoUdNNdWr,AchtVier,102717.0,45,2
1057,1gHVDWrG6hVra3ZxV7mQWd,Vinod Rathod,642229.0,57,1
1058,6q8cRPrSLahGAZSVnjIYjF,Duumu,21548.0,37,0
1059,1QPZhx0asYTBxD5RDqfU49,Black Rob,173751.0,51,3
1060,4vMKEXQ4cU5hb2BL4omVrT,S. D. Burman,426102.0,57,1
1061,3gxGPuGK6DOpv7XVp8V6jG,Slippy,25976.0,45,0
1062,6iyadmF41vqU7NnBaVabfL,HARLOE,5657.0,43,5
1063,6fcTRFpz0yH79qSKfof7lp,Seven Lions,433582.0,60,0
1064,7tZ9Q5xgX9rEuAJaszjCK1,Mustard Pimp,10380.0,18,0
1065,0rgZNEpt5nFXFE8i5qEQYW,Sudeep Kumar,86812.0,39,1
1066,76SlrtEaq2oViRXulxjfuM,cupcakKe,751309.0,59,4
1067,7ySHyUSqpKzGnDqOxLiCFH,Charlotte OC,35169.0,45,5
1068,0LyiuqDYSPZCXAuEkPJ8jZ,Vijay Benedict,9198.0,34,1
1069,2yT7X3Gg2S51DHz67FAYL6,SNAILS,133088.0,45,0
1070,0tCtGc5vt29zFZp6KXzN50,Beanie Sigel,589717.0,53,3
1071,1oMNjZOVmloobqepH8HLc7,Manhar Udhas,291508.0,47,1
1072,3oinJWo0iD7MVnojA8R8WP,Nandini Srikar,40771.0,52,1
1073,0Yb0T3wUUNiIvHjqnfkbuH,Mahalakshmi Iyer,22425.0,62,1
1074,2FmzVitXZjIkFolH8HXd4j,Flosstradamus,281175.0,48,0
1075,67aMKJMVxYIbbVjzfJ5dPZ,Moritz,7947.0,42,2
1076,5FKchcZpQOkqFvXBj1aCvb,Excision,649869.0,60,0
1077,5cfZNNUl6K82ZIWoWYSbcw,Chefket,54477.0,38,2
1078,2OrTfOi3k8VMFLuvC527bB,L. V. Revanth,325325.0,51,1
1079,6ZXRsQeAoGPspf8tNeEtPo,Tom & Jame,63949.0,42,0
1080,2lgp536k08u3n6rgIW0lNf,Shailendra Singh,186267.0,50,1
1081,6rEXjeIJ0wL6BFdo8CRcit,Saindhavi,178951.0,62,1
1082,5sehJiCiH15ihXYCKyEALX,Manikka Vinayagam,57813.0,51,1
1083,1hiocBwn3tUiVy78HCnWfp,OSAMA,11761.0,42,2
1084,46z8E62fwg6cqxCLNB1FrI,SQWAD,8810.0,35,0
1085,2J80qXI4NHKpq5RT3xUF7V,Third Party,124418.0,47,0
1086,0A7g2YbCA9FlyZvAG6VmKP,The LOX,469172.0,54,3
1087,3h11MHQeCrcsUgRRijI1zL,Mark Knight,125644.0,56,0
1088,2sc3TTzRfZ9imaMJO4UqaG,BRKN,32725.0,42,2
1089,4riceIF5JCEKaSIwwLqIYt,Fatoni,64863.0,46,2
1090,63XBtGSEZINSyXylZxEUbv,Victoria Monét,581264.0,62,4
1091,19LIHDDSHBD5NyYHI3gpzB,Shilpa Rao,1178836.0,66,1
1092,0qPGd8tOMHlFZt8EA1uLFY,RIOT,63314.0,48,0
1093,3XonXgjEAAXVl0WKLF1Z4g,Sidney Samson,64712.0,49,0
1094,32Aw9aJJoXXC1Vn3zqzJbQ,TV Noise,56776.0,38,0
1095,6cCfC12LHtD5XIc1rLsm8Y,Larkins,25938.0,36,5
1096,2K1MLDub1Hmby0NT2mznZi,Heinie Nüchtern,6420.0,49,2
1097,1EpyA68dKpjf7jXmQL88Hy,Noname,634183.0,55,3
1098,0NErdIJtuKBjtxKmlqaWdj,Divya Kumar,233543.0,62,1
1099,5YeT9gYVH3yHYwKPmUdmJK,Mahathi,1080.0,50,1
1100,5MHTQcUQIhxhZdB6Glwmmk,Bhimsen Joshi,386551.0,38,1
1101,0TFdkHvlyUVl9zrb4seHxJ,Justin Prime,14737.0,44,0
1102,5oMrt4GcmMltpWztj9fx8p,YUN MUFASA,16276.0,41,2
1103,6evKD5JWJON3qPBJtUEmtY,G-Unit,1986912.0,63,3
1104,29QbBR0oTzA7A0kiOzrbbr,Jamie Scott,19372.0,50,5
1105,5l1aGNGCRGomCMHVufh6xC,Amit Kumar,500015.0,55,1
1106,03iJDZgebs4CLNrriGzyw4,Bhavatharini,208271.0,50,1
1107,6tUJpYN2aYiXbzAcg0pIOo,Sinéad Harnett,431708.0,58,5
1108,3nALc9PyUfe6CO3EY9bNhH,Henry Fong,68152.0,49,0
1109,7oB4pCSzvvRtZka6DxXUfN,1788-L,51891.0,38,0
1110,6ZhjJOJXXwnPS8PrXdmjLw,UGK,789438.0,60,3
1111,6z9EDgWh3ZJZKIJI5Q71Cq,Alex Mills,6058.0,48,5
1112,1eOOXqRHILTxqrEUAYyQU0,Bart B More,20791.0,36,0
1113,0jXtd5NqfXiq9aT87f0GeX,Karthik Raja,262949.0,42,1
1114,3R80OE4RViOWbnuvqh0j8a,thuy,112169.0,62,4
1115,1GwxXgEc6oxCKQ5wykWXFs,Prodigy,114467.0,50,3
1116,1qCOnl1CJuFOAL2DeXtghw,Icy,6357.0,38,2
1117,5OTt6O4Q22YsqZDaWV6FqC,Bombay Jayashri,285619.0,62,1
1118,6WPmTGeeoymoVlXVtsCwz7,Kavita Krishnamurthy,2025935.0,65,1
1119,0iVrCROxeyon7MZUW3MfzT,Montell Jordan,745075.0,59,3
1120,55tGpbDsnI47HStMSXmWV5,Rajkumar,137011.0,48,1
1121,3UCbp6D1lvILlxRJT9LnFa,Koven,94689.0,56,0
1122,45vHPR6n5JrfHQusM0zbT2,SANITO,6520.0,43,2
1123,7r2uG6BlFXKcwmh9ItqlII,Wrabel,220240.0,63,4
1124,3jksrX4oBklxR78ft8gv3j,Plies,1636309.0,63,3
1125,5usbqiU7sjvszjWecANDL6,WESTSIDE BOOGIE,257030.0,60,3
1126,4tma2wxDchrifG8Pflic4Q,Aadesh Shrivastava,73226.0,44,1
1127,2JSYASbWU5Y0fVpts3Eq7g,R. D. Burman,2144551.0,68,1
1128,7C0yh6MRghHb3T7lPvtSjX,Charlie Darker,2358.0,14,0
1129,5fikk4h5qbEebqK2Fc6e48,En Vogue,1173617.0,56,3
1130,6kihpsUFibXNX1Wky3yvtI,AJÉ,31220.0,36,2
1131,0eGh2jSWPBX5GuqIHoZJZG,ICE-T,1090234.0,52,3
1132,4PVHdWG0LtOCDDXo3Vh2yW,Robby East,18298.0,44,0
1133,2Hchwjfl1DioXcIwbOJkus,Grant,36938.0,50,0
1134,45a6gCQWq61lIUDmr1tKuO,Bun B,793859.0,59,3
1135,7gSjFKpVmDgC2MMsnN8CYq,Jazmine Sullivan,1773591.0,64,4
1136,62T4eJZxaNKzBzm8qbNnBy,MIYA MIYA,2353.0,49,5
1137,71oGOxg5ez52Hh1Ye41A98,Mustafa Zahid,2473693.0,59,1
1138,1dhLLX9IY5DD8uElJwjZFX,DJ Kuba,15484.0,51,0
1139,1QcBqYUeQ4Ux3itkdDaFi0,D. Imman,3854957.0,62,1
1140,7rZNSLWMjTbwdLNskFbzFf,Sugababes,618606.0,60,5
1141,1Pn6pKlgzxcH6iIRp08dQr,Sonu Kakkar,92891.0,50,1
1142,4v0D49goEdstHHCMMlbpt1,Najim Arshad,238959.0,50,1
1143,7J1dPh3Yjs0aIhQHbBfNQP,Hema Sardesai,11697.0,49,1
1144,5BdXSKDC9KQQpdQ7V3cZxD,Diwakar,1002.0,42,1
1145,1NtMiyzk7AhY2SGkdPkafX,Ralvero,33850.0,30,0
1146,3cY5ariKFsYqoHm8n2ccvD,Krishna Beura,5134.0,41,1
1147,6Mo9PoU6svvhgEum7wh2Nd,Public Enemy,915102.0,56,3
1148,5HgPIUp6b7DVdhWK3tkl83,Ariana and the Rose,10983.0,29,5
1149,3NjbpG6MmFGVLXwbcPXH90,Haiyti,74606.0,47,2
1150,5zYJziKktyqWwmoAWXrShP,Modestep,340987.0,48,0
1151,6RQ9kYbHisp1UUbnfwHNeU,Feint,124441.0,53,0
1152,0ABk515kENDyATUdpCKVfW,Westside Gunn,289462.0,63,3
1153,7Hr9bE0u9Rl5n6QahVNRnc,Shiba San,104648.0,45,0
1154,1wDBxi2RFvSEl2k0sFjGAB,Priyadarshini,1065.0,35,1
1155,3DajvNySJjylWpCSeXefFm,Pixel Terror,48580.0,46,0
1156,7kNqXtgeIwFtelmRjWv205,John Summit,89617.0,65,0
1157,76M2Ekj8bG8W7X2nbx2CpF,NGHTMRE,432754.0,63,0
1158,3eH2apcLhzhnr3eWmH3VBf,Felguk,135427.0,55,0
1159,44PA0rCQXikgOWbfY7Fq7m,Ying Yang Twins,935276.0,62,3
1160,0qS0rxCY4YfrUx9GCTlDIW,Malaysia Vasudevan,877312.0,56,1
1161,1qq5e02CcWNFqZMbmdrIcj,Jonas Aden,69942.0,42,0
1162,0ypMouAPYgghSqlAwwOebe,Yecca,7024.0,39,2
1163,5hCv8oMMxHb3FoHMGLN8Vx,Leandro Da Silva,24689.0,46,0
1164,7iMvwE8qANp3aIfAGKEAwS,Cam’ron,615720.0,60,3
1165,3kcQ94iDBwumLfddrCrse8,Daddy's Groove,23449.0,35,0
1166,5tOWIviwLM1EIqGAbF8VSU,SebastiAn,118526.0,44,0
1167,3fFMSweDNwFGyHcxjN7MWp,Oliverse,63432.0,46,0
1168,1d0vEmkXUarbPdO4CDqUPB,GODAMN,9488.0,30,0
1169,5uJw4WCX5nYj4FHky9r1Ug,SMACK,10131.0,48,0
1170,6heMlLFM6RDDHRz99uKMqS,RetroVision,82481.0,51,0
1171,3NzhVoa20crNtp1p4zE8um,Mano,775751.0,62,1
1172,1vaQ6v3pOFxAIrFoPrAcom,Ari Lennox,574717.0,68,4
1173,7BSNHln0lSqyDHdQ3sv0Q5,Disarstar,76781.0,51,2
1174,4P0dddbxPil35MNN9G2MEX,Cypress Hill,1665136.0,67,3
1175,7e10JUMF7MJmmwYpnTSMI5,Dave East,610575.0,61,3
1176,0Ex34IFE4zbnBv9A9afMb3,Jean-Cyrille,14791.0,40,2
1177,76fO70b6BK2xt3UVOe4BIZ,Thug Life,862228.0,48,3
1178,5sgF2eX98WWNADz4USyKiX,FFRAGEZEICHEN,7615.0,41,2
1179,0zw17mk0oEnrv4STjNgxsr,beslik meister,16270.0,43,2
1180,2vdTNHzAv3vnaxfiz8MYtB,Soham Chakraborty,736.0,43,1
1181,4gBSxPqXiAJn7RLXOpnuWe,Casaoui,21448.0,33,2
1182,3cnAJv9gydgm52KFIsdvO8,Ferreck Dawn,47094.0,56,0
1183,5asJ8jtjk36r5PW5upyJm6,Kamal Haasan,1137390.0,61,1
1184,4akLvvJyLbJxlbpSXHTLvT,Dubloadz,69659.0,36,0
1185,0aFGod7DM6b3O5l1AmvFwK,P. Susheela,1226144.0,58,1
1186,3g5QiiBmEWt5a3WaW1zArB,jaynbeats,13499.0,43,2
1187,4FXGRMSHh2JjHxVwS8dhH1,Virtual Riot,314210.0,53,0
1188,7tbMem2T4rnyYKXiUYJPCn,ANGELZ,13705.0,32,0
1189,0D0xUCTPB0OSMIJ1HPJpnj,Agam Kumar Nigam,18594.0,43,1
1190,7ajUo7DyiAOYvCndGLoJ1u,Prince Paul,20316.0,37,3
1191,66PGnr0hE7ZIcWir6IwitB,Sooraj Santhosh,202126.0,59,1
1192,05oH07COxkXKIMt6mIPRee,Brandy,2917453.0,64,3
1193,0yRC5n90spXG0d3aiDQ0vB,Gulzar,509421.0,60,1
1194,0rG0AZBscc8S8q1ahIsasI,JUVENILE,851594.0,59,3
1195,5phsP4vv54yJzoOuYQQKss,Jerry Amaldev,22131.0,26,1
1196,3i94wxAKQqlJyiPLDmjNdH,St. Lundi,16657.0,55,5
1197,2uEo8Rajpdz1AqineCVLHq,Mr FijiWiji,66207.0,45,0
1198,4cxl9RcyEbY0koslSaEKLY,Sahir Ali Bagga,380426.0,50,1
1199,277dytbjtOXNnvRXf7Dyyv,KATI K,25173.0,47,2
1200,1ybINI1qPiFbwDXamRtwxD,Smino,671262.0,67,3
1201,53UXMZxwzQyV4j7tZaVF58,Sandro Silva,93631.0,53,0
1202,1peoXq0RPx7czVoFjloeDQ,MAVI,78875.0,56,3
1203,5qB8VZFvQcnDIrsj4jBMU9,TS Graye,6506.0,35,5
1204,0OiS4KHxViIFnJooFTXl7V,Ras Kass,73703.0,41,3
1205,1WlxlG9IzXsq9MkneOPkxc,Rob Gasser,25707.0,41,0
1206,5lXf3xjcLx6BmYMY6TvczJ,Paris Blohm,77020.0,42,0
1207,2FJC1Wce3SiCCbIoYwVWq0,Monxx,62101.0,43,0
1208,4eAOcbAXIF4BmbN6E1QIlw,Christina Milian,1223777.0,54,3
1209,7wVdHjM4odGF5lGsqVSHJT,SaberZ,20913.0,47,0
1210,5c3Qxc5sTis0Oq3XcOdIJD,Rajesh Roshan,532551.0,47,1
1211,4QWmN97HRZya55JvxN3I5a,Taiki Nulight,27870.0,48,0
1212,4hkB2bR5ek6lJChj6aunCn,Anuradha Paudwal,2601588.0,65,1
1213,1aXtuiimQwgW8Xqztgp4Kf,Deva,432416.0,55,1
1214,2m0xNVRx1tAHY3pfNXt7Ro,Bertie Scott,1043.0,52,5
1215,10Khz9BDdDT2mzm3330Cvu,Onyx,425632.0,51,3
1216,0BMhfbeiOrNMBzjELzbyNg,Arno Cost,24117.0,38,0
1217,5Uvn1P3OFu268QovsUAnDu,Madan Mohan,769660.0,55,1
1218,58UpHBCQ1Jj67DJsR7Qyqg,Uppermost,68161.0,43,0
1219,6FlJleUXbFb19c0U2BocbM,MEL,36934.0,45,2
1220,6DVipHzYsPlIoA0DW8Gmns,"Royce Da 5'9""",707843.0,60,3
1221,4etv0ut4ws0GbXBtolzf5e,Mukesh,1279751.0,61,1
1222,1jQDgp9Fak4WYVZedWLF4G,The Biz,2831.0,52,0
1223,1W9qOBYRTfP7HcizWN43G1,Slick Rick,593424.0,55,3
1224,7dtX3ykcuyVmts2HQnWgSP,Kompany,62011.0,44,0
1225,4TfiXd01xLFV0xg8PSCysH,DJ Suketu,99267.0,37,1
1226,5v0XTlB9FqNvfBfnw8n5b0,Statik Selektah,116476.0,50,3
1227,0rlS0SzVFk8BoiAW0fGBbN,Salaam Remi,25795.0,61,3
1228,5tth2a3v0sWwV1C7bApBdX,Lil' Kim,1462246.0,65,3
1229,2eam0iDomRHGBypaDQLwWI,Bleachers,559333.0,61,4
1230,2EOBxJvUOYf901NwU0KKVN,Azan,39667.0,32,2
1231,7zFlr6Y537SdALqy0Xfvth,Ranjith Govind,694672.0,59,1
1232,1lAwVq9MxNJkB0dEY6xNoV,Walker & Royce,48631.0,47,0
1233,07d5etnpjriczFBB8pxmRe,BJ The Chicago Kid,405555.0,61,3
1234,1fImPZoBVjmYrBFzCHh0N3,Souly,8915.0,44,2
1235,7MAlFea251zaprQFjwvYaL,Aishwarya Majmudar,258244.0,52,1
1236,0aUQnP4HhUQXcurZl9GJIA,Vijay Yesudas,1652649.0,63,1
1237,4q0N3EI67tVnAeeaXbNQIj,J. Worra,19532.0,53,0
1238,5nd7jnne7zbsV2J5jBKNOY,Gammer,51807.0,50,0
1239,5Xpg6PBSUOoho2lI9qLjiu,S. Janaki,2768585.0,68,1
1240,0bMKf3lIYR9GaNTdFKkTOr,Zonderling,78166.0,57,0
1241,5p0zkKpBuRguKebwRe0RI2,Pierce Fulton,46893.0,46,0
1242,4OBbOrkD4geIjOLrICN3wO,Inspectah Deck,187289.0,65,3
1243,6DEPMkI5EhRxDEkF7bgb5F,Keko-G,6807.0,40,2
1244,3UpmjPgIFSGqnxXuiwD014,Javed Akhtar,65323.0,57,1
1245,1HUZ6vfsSWpfLoxjgDavEB,Devan Ekambaram,142261.0,57,1
1246,4C4iRNqx1mhzkBuAWRuhyN,Prism,7426.0,40,2
1247,0Vo1TovUU3BoJr6uOJTvOr,Sabesh,30855.0,45,1
1248,0ZnBmsYz6ImvXdfUglJEWA,Rajesh Krishnan,236796.0,45,1
1249,48q2mPVwlKnlSaCx07i6Ta,Datsik,341399.0,46,0
1250,1sTCIEpgsLumTVk5zDGW4S,MU$A386,10487.0,44,2
1251,1Oa0bMld0A3u5OTYfMzp5h,Nate Dogg,1300744.0,75,3
1252,7zDl8xqVVU2BC7ZLkLowLt,Krime,17860.0,39,2
1253,58hqTaCiqGrMsNmmm3qL7w,Bree Runway,110339.0,55,4
1254,24kY0bUku58QhWv5WFFXaf,REAPER,25011.0,50,0
1255,2Npb4qJMwRjjv2ZUHOuP4q,Terry Joe,6214.0,44,2
1256,3PpjqSKBer3obW6lDflOBx,Ram Sampath,219597.0,51,1
1257,6ZcRUVs3I5U8EOnm9ZdCsO,Bahamadia,53199.0,46,3
1258,3nLE33yBJ82QPWzvvqv7rE,Mic Geronimo,39107.0,29,3
1259,245PKF3hKjtxJKIG153kF0,Kailee Morgue,327907.0,54,4
1260,4qf5iWCSqeCW9TlbwO58bo,Jaspinder Narula,99598.0,51,1
1261,06cLuOP0p7VAnBnqil1eWX,Swanky Tunes,89952.0,46,0
1262,2iclO3rlyF0YVNE46ctYRj,Jungle Brothers,153531.0,44,3
1263,5m5jOEY3vP5uJvzzKcuXYS,Fousy,21844.0,31,2
1264,5z2cHsOmmmWcAPNG1oEhw0,Xscape,1355987.0,51,3
1265,1PP0a3KRZiaqtahgtJ3bdv,SAYMYNAME,43855.0,39,0
1266,3kmXbS3akWikVvZNGpYEvu,Caroline Kole,29594.0,45,5
1267,74RET4rCZPTGzhsLjD0i3g,ATLiens,65232.0,45,0
1268,1flYnVP7znbiEcL0ELwwTt,JETFIRE,57348.0,46,0
1269,683obsKtbyVNhitubjOZhi,Congorock,13115.0,25,0
1270,7uGeDBa1LJ7T1X4fpl8mwk,Bad Computer,31393.0,46,0
1271,6vHBuUxrcpn1do5UaEJ7g6,Domo Genesis,292927.0,56,3
1272,4b8dLpJgJpNQYzu4AtXLt3,RØMANS,7140.0,41,5
1273,2gINJ8xw86xawPyGvx1bla,KRS-One,553795.0,54,3
1274,0l59CBSPDfKBXlyHya0pew,Gregor Salto,34789.0,51,0
1275,3qd7OFf9RCmk6wIqVrZH1L,B-Tight,93537.0,45,2
1276,3s2wTjWxK8NOX09dmsvVOh,Chingy,822692.0,60,3
1277,6Mn5HNY6bJSqK31cRa0uiv,JONES,55192.0,46,5
1278,4fv1OFJywZ7DHCz3mVQQ45,Grabbitz,74791.0,60,0
1279,6BLnEWMbK74TwblikHBtB8,Brown-Eyes White Boy,15362.0,34,2
1280,0st5vgzw9XkH5ALJiUM1lE,Slim Thug,825039.0,59,3
1281,2FPwX3Gh0w4Qr1v3zSTtcT,Papon,2857452.0,59,1
1282,3izgcexQY0nJQiSMchE0dJ,Vipin Sachdeva,44861.0,42,1
1283,5m7wCUhYhBh7A3A3YMxrbt,Queen Latifah,165423.0,53,3
1284,3bffaBH7akOhsSLsVJcJug,Memtrix,16564.0,37,0
1285,1020a42xVklY6c56imNcaa,Slum Village,274017.0,54,3
1286,6ns6XAOsw4B0nDUIovAOUO,GZA,442746.0,62,3
1287,5czbzNZZfWpyFgZyfT3Mkk,SIDEPIECE,43988.0,62,0
1288,2ae6PxICSOZHvjqiCcgon8,S. P. Balasubrahmanyam,5086667.0,75,1
1289,6AwwLwgIsTIXZ8kHWaZUj5,Sandesh Shandilya,1096837.0,51,1
1290,53cQZtWDwDJwVCNZlfJ6Qk,Laidback Luke,383279.0,61,0
1291,0wBwLFp1PdNbFrykIA4rom,BANGWHITE,5638.0,43,2
1292,2zFZiWQJFFshzojycnXoTL,Bell Biv DeVoe,920898.0,55,3
1293,3EBRANWwnViQuBrImN61Z1,Pixie Lott,920006.0,50,5
1294,1SF4jakSq8kI38MYjFdaJG,Verifiziert,15639.0,44,2
1295,6BNaPZdAIZAJnbgJRiZz2w,Kill Paris,57189.0,41,0
1296,5JHw3zW4kgwIZlh33geR1K,Sagan,22841.0,43,0
1297,3M3wTTCDwicRubwMyHyEDy,Shygirl,153683.0,58,4
1298,3kf0gOpxWtkyeMNJVDQPtd,Smoke DZA,255592.0,51,3
1299,1lAMEytqWfuvgQ8jyz8TWH,Nu51,3778.0,36,2
1300,1eBHjBxiNA3gyEWEN7oRxM,Vijay,718669.0,53,1
1301,6XpXnnKHIhCOUbOLOJGe6o,REASON,174993.0,56,3
1302,5nQybVOGIy5TZ1XK9CaDiS,Sarah Close,87320.0,43,5
1303,12FHARd9fY0Tu0ila4Ua25,Trick Daddy,912873.0,58,3
1304,2K9qsrYnsu1EWt7ZQkkuXb,Ray Volpe,85558.0,48,0
1305,5Hn84AFwiTEi8eMoI5B9AS,Silambarasan TR,120306.0,64,1
1306,5aptPwTkTKmlPx6csmNJLA,R5,629228.0,55,4
1307,2B4ZHz4QDWJTXPFPgO5peE,Warren G,1985292.0,63,3
1308,7CqB6nNGQPcaEJ940E2x2r,RAF 3.0,143324.0,45,2
1309,6AVLthptCPhfrxlHadOBJD,Jill Scott,1587093.0,56,3
1310,0vbfrsbTQsxmBTrvtZTFB4,Dead Dawg,29021.0,61,2
1311,6a3Hepy65IU5aex19pUwjd,Rrotzer,21238.0,49,2
1312,34ABXKUj0gzq7R8vXjCaNj,Funk Flex,146110.0,53,3
1313,2dWF6m2ksP9GN75fufFp16,Murs,147156.0,47,3
1314,4YlBDllKcEFrLtby1mqaEK,Audio88,45513.0,45,2
1315,7u160I5qtBYZTQMLEIJmyz,Borgore,572152.0,51,0
1316,00OF0nwYaoBSO3AnPVq3vE,Johnny Stimson,186467.0,57,4
1317,6fvMFyB3RMPEyKyLJAS79c,Sithara Krishnakumar,284426.0,53,1
1318,3ZMur3elMyOs248ah86NRk,Mach-Hommy,67876.0,53,3
1319,5irwemCIBdwWYTZrcxX2UW,MorganJ,10617.0,39,0
1320,11chB4Th19iMA7j65oGMk1,Funkin Matt,26240.0,46,0
1321,4M84umUNRbZy1mJleyyRM9,Vitalic,273005.0,50,0
1322,3AuMNF8rQAKOzjYppFNAoB,Kelly Rowland,3207602.0,66,4
1323,5pnbUBPifNnlusY8kTBivi,Jadakiss,972006.0,66,3
1324,1JPy5PsJtkhftfdr6saN2i,Bassnectar,606830.0,54,0
1325,1k7bThg1ouTydDVc2ZQiHJ,Paula Douglas,32060.0,45,2
1326,7GMot9WvBYqhhJz92vhBp6,EDX,200632.0,57,0
1327,4Ok1Cm5YX5StCQZgH0r2xF,PEEKABOO,81395.0,50,0
1328,5zWKMBKw7KqulFxyz2ULvp,Ila Arun,17836.0,41,1
1329,5QRlmTynCos8JyojtmgNq6,Meechy Darko,29132.0,51,3
1330,5a2WF7juQ5oilpZCqikRtP,Rahul Nambiar,510631.0,55,1
1331,6YxtMx8c5tjVRRHsqjEERp,M.O.030,26076.0,37,2
1332,6BWQQSyCjsWidXMy1DjfMX,Pink Katana,8987.0,41,2
1333,7Mlrzwh665lRUOEV1ZWyWu,David Tort,19858.0,40,0
1334,2yhI3iWovCQYjhjoqzKO2R,Garmiani,93562.0,49,0
1335,4lC8Q0azW5ij2e1skZo377,Stonebank,73873.0,50,0
1336,3oKnyRhYWzNsTiss5n4Z1J,LP Giobbi,25850.0,61,0
1337,4xFadP7L1YVwVSjDDfjKjM,Snavs,70507.0,53,0
1338,7w1eTNePApzDk8XtgykCPS,Malaa,220195.0,54,0
1339,4aBx7mA6lUOVhEsjokZrXb,MUST DIE!,116036.0,43,0
1340,3nmiIgeri4vEY7y0VpbsCn,DJ Jazzy Jeff,93137.0,42,3
1341,6hpDlOvqsnIxrPegGTWVY1,Shantanu Moitra,392562.0,44,1
1342,11PIHAhH0HI8SCdjhJ5zyA,Tanvi Shah,1152.0,57,1
1343,72578usTM6Cj5qWsi471Nc,Raghu Dixit,512459.0,54,1
1344,52CkJDqRPUzzIePkvPcudU,Hamada,15896.0,39,2
1345,42jgHGbOryNOmlSgJPGljN,Suhail Kaul,1380.0,32,1
1346,1kwGj7uDO5WXVXtQLvGJr0,Just A Gent,117346.0,53,0
1347,2HujlDCi1ggnUSdfgipUxE,P. Jayachandran,388866.0,57,1
1348,4iA6bUhiZyvRKJf4FNVX39,Vijay Prakash,2603109.0,64,1
1349,1tspa3CEV2XqEDsgehaNBz,Sowmya Raoh,19695.0,51,1
1350,1JdHoZwkwOmX2Pl2iTwnzc,Vishal Bhardwaj,845616.0,45,1
1351,3t4P7aXVor3NxlJPZxLzOQ,Kunal Ganjawala,1321421.0,57,1
1352,6GpH0yFzkhoxcoNrX6kw48,Uma Ramanan,101126.0,46,1
1353,2n7USVO8fO8FF8zq4kG2N1,Mat Zo,131480.0,46,0
1354,0cUPXn0AOgVrI413vJgBAJ,Corrupt (UK),7560.0,45,0
1355,0b9ukmbg0MO5eMlorcgOwz,Mr. Oizo,198959.0,46,0
1356,2AfU5LYBVCiCtuCCfM7uVX,Kota the Friend,558171.0,61,3
1357,2ZbWlThDW0qSbI3hinpl0w,MC Lyte,339004.0,48,3
1358,6LiWlIUtgDUn83O8i2K2b2,Rawtek,11816.0,30,0
1359,5NZ2P8KBgZX2ZjSGU17EOA,Chaitra H. G.,131.0,23,1
1360,4EhiIwwMPecLznwn87sRw2,Joachim Garraud,29998.0,50,0
1361,6ehv7BnQkNEh7Hqd8rRcot,Kage,12779.0,39,0
1362,3crnzLy8R4lVwaigKEOz7V,E-40,779830.0,67,3
1363,1BAdSa5cdtCNLbvT7gWmtJ,Conro,49595.0,51,0
1364,4fpwOzxFRMVGfd197dKIdY,Boldy James,95497.0,56,3
1365,4xd7mLI7urqrxELaXhAvzw,Shekhar Ravjiani,444002.0,65,1
1366,0PykiHCcDsMPRV7s67qZ1B,Tippu,767434.0,61,1
1367,5diMmmNkRVfgUnXJrzXzjZ,Javed Bashir,48204.0,55,1
1368,5ITI6SEoUZMIXXkzCfr4oE,Aluna,43214.0,63,0
1369,2QMCcKIPHnjQaPPgoEst88,Matisse & Sadko,125686.0,56,0
1370,5gw5ANPCVcxU0maLiGRzzP,Billy Raffoul,110025.0,54,5
1371,6e9KLiBqbaqJoVfpT8OmY9,KAY AY,10438.0,35,2
1372,0aZu9zUfF2EgTHyBbZlW1C,LGoony,59966.0,44,2
1373,5lCekoJW9jNq01B1wiqdAb,Crankdat,68346.0,50,0
1374,1TOclxL64oLeB45DFWFFU2,Wenzday,6510.0,34,0
1375,3cqeO3muWIW5uSmUDNCmyT,Rekha Bhardwaj,1566284.0,62,1
1376,2x8KDZdSONA3872CnhaAlX,Styles P,607789.0,61,3
1377,4P5ooDKThRs2cx6MZ7cpFg,Lugatti,14315.0,50,2
1378,0auu2itHTxEdAMRHvx7CyG,Das EFX,326759.0,56,3
1379,2GVtgxcx7jg5xVCZsIHSGN,Dombresky,90675.0,52,0
1380,0IEPb9ily3E5IAYMSkwtQ6,Arctic Lake,46231.0,53,5
1381,07VmOvmuBp9G0gb8BTrpn0,Mike Jones,482157.0,60,3
1382,1wvlC6NwleHt1iRD6d5X2C,Foxy Brown,574546.0,56,3
1383,1wo9h8DP7M0M1orKuGZgWv,Masta Ace,180018.0,49,3
1384,64Agvz8sfVYGFmX7yCwj32,Ahzumjot,38793.0,42,2
1385,0Y4inQK6OespitzD6ijMwb,Freddie Gibbs,1033215.0,68,3
1386,2I1bnmb9VQEQGKHxvr0gSf,Da Brat,463261.0,52,3
1387,3ZL4IxDAyJW7LXm0P07O1R,Jalle,5767.0,30,2
1388,4jL4ODsLknRn6VMl4R2gUC,Jonesmann,31889.0,37,2
1389,5R5qNSYFn04J9jF8UnmYbK,Honey & Badger,9080.0,34,0
1390,558dSyN1mMqsKrEBcKJ2p0,NWYR,63517.0,52,0
1391,2dBj3prW7gP9bCCOIQeDUf,Danger Mouse,170460.0,62,3
1392,6CP5wWvO8oIxedESJNCN4H,Ski Aggu,22910.0,53,2
1393,210hjvKOh716ZO4ErE3x22,Pixl,23825.0,35,0
1394,6Si6fslrH2xSORoY5TclT5,RIKA,21611.0,44,5
1395,5dhyUSoGhz79WTzP39vKs4,L Devine,118208.0,44,5
1396,2qJHWT6Ov9ZZvuQx1h7mNn,Madhu Balakrishnan,414878.0,49,1
1397,4sb7rZNN93BSS6Gqgepo4v,Too $hort,1289307.0,63,3
1398,5Y8EphH8Vdqu5SLj6K5vjj,Tone-Loc,237537.0,48,3
1399,4biE0WosCStjKN2dGcSlJK,Madhusree,3698.0,47,1
1400,6CtYzQvENTdGq5LPPsePdV,Vijay Antony,2073565.0,60,1
1401,5qG25VRsnLdydJTj1VGZSk,Krishna,3884.0,48,1
1402,4iCwCMnqsNZ6atvRiADgtn,RZA,464879.0,65,3
1403,1DoFYfnZ1zTlWU9ZGJLNuX,NO SIGNE,6763.0,46,0
1404,5ZXqmu2NR6Mg4f9wDHxDOl,Xela Wie,2255.0,29,2
1405,6GIkpxZTzuInWGBdfgu7eb,Afsal,260201.0,49,1
1406,6CarTAUaWnQb6bp7yjP0Zz,Nostalgix,8496.0,40,0
1407,7izarc0fRIPbdZ8cVyChRf,Spillage Village,196439.0,51,3
1408,0y42IQBDFigO5mmEd1bGQG,i_o,84989.0,49,0
1409,1255GTUKNCLCTvH9ctD4cT,Dru Hill,1292096.0,56,3
1410,2yQf6b8hxahZaT5dHlWaB1,Raekwon,511046.0,68,3
1411,3IstlZaHyUP9SONpulb4SM,Chris Webby,566244.0,62,3
1412,3mpgtUc7wYBNjr04gEiQ4u,Zubeen Garg,298715.0,55,1
1413,2MS8Aeh2jTfqu1VhRZ4x1P,Les Petits Pilous,5642.0,11,0
1414,3xU8YsNNkmWSPewlB18NUz,Harshdeep Kaur,3262606.0,63,1
1415,4E5oyNFcB3uXLkLdjYmP9Z,Neha Bhasin,452613.0,54,1
1416,1zuQZzeqzzlwUKVMYHvA87,Michael Sparks,6833.0,42,0
1417,16oEz0ihXl8elwxOS0YMNF,APRE,18509.0,43,5
1418,7Hjbimq43OgxaBRpFXic4x,Saba,622042.0,64,3
1419,2fBURuq7FrlH6z5F92mpOl,Digitalism,322046.0,48,0
1420,0myVJmNOHZ7v7g8JVWGw8H,Vasundhara Das,5779.0,54,1
1421,21AUdblPrTRzkvJn8FGrlk,Nitti Gritti,73391.0,54,0
1422,2MMPzBpMeCZVPRnV5mddc3,Aaman Trikha,2075.0,52,1
1423,5eIbEEQnDM8yuDVB0bimSP,RL Grime,391987.0,61,0
1424,4mBxoO0pAcMbAwuTcrcLMc,Alisha Chinai,1047515.0,60,1
1425,6xS5PpBWaVYraexEkEjjXv,Maxo Kream,415892.0,60,3
1426,5Z8Qlj0jWh0OOmJ55EwSnu,Draper,31362.0,37,0
1427,5c3akKV3CUqAVOnGZqf4S3,Barely Alive,184478.0,48,0
1428,3EXfNuPuR3OFEdlyoSutcG,Sikdope,75299.0,48,0
1429,2u01kCKA5wDvvztuH8lyT0,SVDDEN DEATH,163885.0,52,0
1430,2kDv96OSt2CHxn9zx3pBwx,LAXX,39616.0,31,0
1431,4xVrxpa8IgoLneQbdPnSsk,Sravana Bhargavi,4481.0,48,1
1432,2JEjaa7hWhE1BbL3OcoeFR,Sujatha,832806.0,66,1
1433,6XwcepfAsPhrvwziGxhwju,Pretty Ricky,1443373.0,56,3
1434,4CJp45Klt4pRH38vtPqSgX,Silla,104638.0,47,2
1435,4BTcOR2hEQZQQL5AMo5u10,Rusko,281175.0,46,0
1436,6LPDid2j16uSQ3qSLmIwFR,BOUNTY & COCOA,9553.0,39,2
1437,4YWj8sohRDjL9deiuRvEEY,Noisia,249227.0,54,0
1438,0w1zspBrCXnMx8CcB1WR31,S. P. Sailaja,298491.0,49,1
1439,6FD0unjzGQhX3b6eMccMJe,Ghostface Killah,740415.0,67,3
1440,3MZOJgyDf3rGiesBu9Xil6,DUSK,433.0,25,5
1441,4b2v3PBjJJCF2BX14lIAsT,Wiwek,80665.0,44,0
1442,7xBGi7Eign0fX7jGQj5KlJ,GRACEY,31204.0,55,5
1443,09GJU4jF4zhNfN72mTyMCi,Nonsens,13150.0,44,0
1444,5mYakBbBzPMQTfkVMIgiDM,Georgia Ku,19130.0,64,5
1445,0vkpFzbSTmwPuGGnhsblFI,Ajay Gogavale,319067.0,57,1
1446,5ObQXIcqKtQENK14lQyqiy,Anuradha Sriram,828463.0,58,1
1447,7kmnBFcKEG75epEDP3PW22,cashcarli,9245.0,41,2
1448,7F7vWRGRoB2xaJAtQ22TXV,Hasan.K,30859.0,38,2
1449,0Eyu7MSg0N3UtTb9NDDDsW,Sriram Parthasarathy,67730.0,52,1
1450,1GcKPo3HglflWJSV683pHx,Bali Bandits,40616.0,37,0
1451,5nVbdvU60t7C0JBruxsS26,Maeckes,58515.0,46,2
1452,4Q1srPVPObLkyNrevKLi5Q,Srilekha Parthasarathy,514.0,48,1
1453,67ra8R8hw9NkDyBaJBS2j6,M. Jayachandran,268473.0,42,1
1454,0lLY20XpZ9yDobkbHI7u1y,Pegboard Nerds,343652.0,54,0
1455,00hL0oJD4pWef0kPYIaSTy,R. P. Patnaik,887349.0,45,1
1456,1ZUpQr4VSnnP86WbaRRMpd,Jay Pryor,20042.0,55,0
1457,1FI8Am7UxI2XLUtFs2jPva,Priya Hemesh,80130.0,54,1
1458,7aUSp5cOZlwEtd5zPC795k,Haywyre,93089.0,46,0
1459,5qfkUSH3ip5dD2eEPhjkT3,Kyle Dion,182592.0,56,4
1460,7dtJROxWQe3fxxF5t7o67N,Bonnie McKee,62655.0,41,5
1461,1BH45DVSTeGBvcYXNCd67g,M.O.P.,288312.0,53,3
1462,5Jz9kKRnCRLTodCH58MyB4,Daz Dillinger,238492.0,49,3
1463,2XnnxQzxFZG8qEPjakokPM,Obie Trice,842791.0,61,3
1464,2hgViyN0RqyQQpfjIb0g3W,Richa Sharma,33280.0,55,1
1465,7wmCy21VjfmbP8DznMJe8v,Plastik Funk,13848.0,50,0
1466,7352aRY2mqSxBZwzUb6LmA,Bow Wow,1195551.0,60,3
1467,0twOLSSglhVvipWIIgX4yM,Cally Rhodes,2906.0,35,5
1468,3R2OMv8JpXLy6ZIW7Qxz59,Usha Mangeshkar,201019.0,46,1
1469,0QJKELJZZuLAjqLOOixJm5,The Bloody Beetroots,234489.0,47,0
1470,64ovxBmjJ9ZDqkzEXVWpVc,Shyne,296837.0,46,3
1471,1mMKKbLFrIqfOzLqFuGBRt,Anupama,5936.0,50,1
1472,2vUCVkeZjzDcaoX4gagHdV,Julian Jordan,154472.0,49,0
1473,3ZotbHeyVQKxQCPDJuQ4SU,Q-Tip,547848.0,61,3
1474,1Ss4YdByiwTuR5Fh9e89sc,Shankar Jaikishan,31317.0,34,1
1475,4fbAa0nOmSrtiruBCcfSvJ,Sin Davis,25702.0,45,2
1476,3jw2v5ZbSWBinNaECXq8cJ,Ghibran,413885.0,57,1
1477,05KjvP5zdwtEIgEazqblZw,Marc Benjamin,15662.0,62,0
1478,1Z8ODXyhEBi3WynYw0Rya6,De La Soul,781025.0,58,3
1479,15xvsJMf8phaNa1LYvL9Qv,John Dahlbäck,116240.0,50,0
1480,0tbeZu9lv8YEKSQ9tZSslu,Amber Mark,336145.0,60,5
1481,7xN8vFwslE67EC3DhgB9Ip,Doug E. Fresh,222905.0,37,3
1482,17Jj3Xia6crs4OatDEpuMR,Vani Jairam,104611.0,47,1
1483,0ycHhPwPvoaO4VGzmMnXGq,Zomboy,766524.0,53,0
1484,6cxJR2PoA84Mlsr9yGrSsZ,Narendra Chanchal,61670.0,49,1
1485,7yPPzu5UdAK7yagQqjEZQm,Party Favor,165662.0,56,0
1486,0BEr6nvOOHQMy53md08n9Y,Master Saleem,41967.0,50,1
1487,7pWXlTjky0KXWgbdZi9ebq,Kalyanji-Anandji,78878.0,58,1
1488,0gT2b7kbRgn15nSNPe3lgf,Holl & Rush,36821.0,32,0
1489,1cXjeY6DeuvHqOLioXcHZk,Shubha Mudgal,110335.0,45,1
1490,2BuSNpxpMGJGiAAWJYJT2t,Noisestorm,139022.0,52,0
1491,3yeIPSXgA3NRNwNaHy4EZW,Yin Kalle,65942.0,46,2
1492,6WGE3kO8ULME2ErBcOksSR,KAAZE,170264.0,56,0
1493,6AeYaKk3j2uxScmcPNYpHY,Malgudi Subha,5671.0,45,1
1494,5rkVyNGXEgeUqKkB5ccK83,Ashanti,2517572.0,71,3
1495,09JLT2eURqXDC7kCjjqkyl,Mista Meta,20768.0,38,2
1496,1GwUwDFua0Y1O3wK9btYFY,LOC 079,17535.0,45,2
1497,64NNRZT3lIEnaavebMacBw,Jasko,35048.0,34,2
1498,3mUHAiDazZq75gh6If5zoD,R.A. The Rugged Man,123703.0,48,3
1499,7tm9Tuc70geXOOyKhtZHIj,Chris Lorenzo,82002.0,63,0
1500,0AqfGv5Nifg1klh0iH4Nqs,Marley Marl,48317.0,40,3
1501,1wqW0IQWC7V7jktcjVHID6,Black Caviar,45138.0,55,0
1502,7sJSfUsXlD9HT8JxFGXGiY,Anuradha Bhat,105621.0,44,1
1503,2T2FygBhNFzuzjLefPpsdv,Tulisa,132235.0,37,5
1504,7r6kmDCXWnmTa2Uu1F37qm,Alphons Joseph,8663.0,46,1
1505,4sf3QZW8a3xZ14IGsOAzoy,Cassius,195926.0,48,0
1506,4fbyGOEjViyE97W58eGEgU,MC Ren,367653.0,54,3
1507,3r0OeTcOw37N9juMYyyw39,Junior M.A.F.I.A.,290189.0,52,3
1508,2OFEXARoSZyZLR6S0oV2R7,Tom Swoon,82668.0,39,0
1509,3803JqLnUACUJcuCLmK3xz,AK 33,62922.0,50,2
1510,1LZNFyDqn3t4DnOFpfK84I,Claudia Valentina,9753.0,54,5
1511,3IJ21966TwNZI24MwZHMu4,Baby Tate,219370.0,65,4
1512,3cQA9WH8liZfeja1DxcDYE,Armand Van Helden,216252.0,62,0
1513,6MwwUAN4kN0umzSH7w6y93,Alice Chater,44065.0,45,5
1514,3ETYLarLqOcdvtea9Cs2Sl,Kovic,15193.0,42,5
1515,6Gi8ZaXGx8MK79HwzXpuVZ,Emily Burns,147266.0,53,5
1516,12CpR4SNDzVIlDoPSeNFeW,Shashaa Tirupati,124921.0,67,1
1517,2DwWEmeVaWxwkjbnyPlNZT,Dominique Cerejo,8051.0,51,1
1518,4aKdmOXdUKX07HVd3sGgzw,Rezz,419331.0,60,0
1519,0WDjOCmlubUVdRozCz46sM,Inpetto,22435.0,42,0
1520,2Mf6MBoMOgpxxm3QuH9Tk4,Camylio,316923.0,59,5
1521,6nfYGe7IIuuP5bMY1jkJP6,Jermaine Dupri,386701.0,58,3
1522,0gfiFtV86kFIByUOLejwin,Bizzy Montana,55582.0,36,2
1523,554yyXUEFseU1dwvisHTik,Monty Sharma,589662.0,50,1
1524,7vohy1W7YNLxHynG44UFjS,Sampagne,4207.0,48,2
1525,0GF4shudTAFv8ak9eWdd4Y,Kishore Kumar,5440306.0,71,1
1526,45UHclgIcRavRoRa2MET5i,SWACQ,19143.0,45,0
1527,2XvV82x6Qs0W3GBTkBSjPI,Zookëper,9657.0,43,0
1528,22bukBZvUppuwQwmDz75Gz,Sander van Doorn,358435.0,51,0
1529,6SWohEYYTym0RIBxvoh6wt,Afu-Ra,80448.0,44,3
1530,49vNfTzZU1nXv2xO34z5RY,CloudNone,17644.0,42,0
1531,0oXD3gW056DGEfWuEWcs7R,Kamaal Khan,748079.0,51,1
1532,04Ze9i5w3NXno5DdMNpJZC,Olly James,27565.0,49,0
1533,0IROOdQ2fQUcoaEPqt1Isg,Florence Welch,26328.0,55,5
1534,6uskWv5K2FA0YOAYr7JOUz,Shalmali Kholgade,31711.0,59,1
1535,6mEktZc9hTEYmOEBgG9fpw,Rua,13474.0,44,2
1536,3hEOdLL7EKek45X5mjVeJ8,Azro,7753.0,42,2
1537,4xPR9p75zzDlisJvvhEYl2,Jacob Lee,180990.0,50,5
1538,3IHsD0sttucHrX8b32Vcab,BROHUG,57959.0,46,0
1539,2Jwr7hGoSNK3S3QBxh3T0z,Freeway,250246.0,52,3
1540,7542b5kIvrKX0Zvp5iNpl9,Olivia Lunny,15933.0,42,5
1541,6futYSDVulYR2PktBjTB5W,Big Daddy Kane,464390.0,49,3
1542,10UAvp2UJa3NMRwdbZFHc7,Jason,8734.0,44,2
1543,4EEWia4jMIjBj1Y9VtliSF,Trippie Boi,43614.0,42,2
1544,22qLnGc8B1btqty6d0Qnlm,Lauren Aquilina,128522.0,47,5
1545,3mVwDyQRNVMy3ZNuTabf6f,Champagne Drip,58761.0,49,0
1546,721ZpwDLH9W0h1Ka5k6D8z,SEKOZAZA,7389.0,30,2
1547,4tGWdSKKqKmaVQogfAFnlx,L. R. Eswari,147706.0,48,1
1548,2J257euzcjnDLipsyJH3F2,Clipse,343165.0,55,3
1549,7Aq8lpLMSt1Zxu56pe9bmp,Jagged Edge,1846895.0,62,3
1550,2t2M4T7Z7fKbF900SUuh05,BSOD,11337.0,22,0
1551,20k9i5MJ09Zbjg7P4osPrh,Srikanth Deva,620955.0,49,1
1552,63gvl4egwBtz2czz3aENGa,Usha Uthup,462699.0,44,1
1553,4vQLu6vYK0hp8k0fsAzsU8,Cormega,115441.0,47,3
1554,5NDMothbpdpq2xHqSjrrWn,Faith Evans,1350539.0,64,3
1555,4xbLzGsR7W5QMlLS08BNGt,Naveen,22594.0,50,1
1556,5isfxZ3RSdBlSLn3cSFhnI,Meet Bros Anjjan,520876.0,54,1
1557,0Y0QSi6lz1bPik5Ffjr8sd,Ekali,138020.0,49,0
1558,4sdcjfLzvLC1IUYFwCAWHn,Sathyaprakash,99180.0,60,1
1559,1BEUkE2CSUgHTLSBMZdnFB,Mae Muller,109037.0,67,5
1560,2squZ8HjM4AzR0j6jsPn4a,MSTRKRFT,102672.0,36,0
1561,4JU2KBLwvIFo9iH3a2FtCT,Keeld,8186.0,30,0
1562,2OaHYHb2XcFPvqL3VsyPzU,Rico Nasty,949031.0,67,4
1563,7Mi3xbMwCEiZ0GK5JaAPvY,Kalpana Raghavendar,693.0,29,1
1564,58MEqEE2029jp6KTWTt1hO,Gentlemens Club,31556.0,44,0
1565,043Bey7ngSGRFpJftAlKpi,Spag Heddy,146783.0,46,0
1566,3pFPBG84k5bQVbL9apf2PD,Grace Grundy,72896.0,49,5
1567,5XJWi5Ev0zwaRiXnN8Oo5O,Mightyfools,21398.0,30,0
1568,3jNaDQZQjbidKVJrIhhibh,Raaj Aashoo,532.0,40,1
1569,0aK5YwPtmSJ8g7nSEMPLJm,Vandana Srinivasan,1511.0,48,1
1570,3r4HOyyBpGvNIyajw3mcER,Ismail Darbar,325291.0,33,1
1571,20yuGdfbRkW0HH3OfG1Nkg,No Mana,56532.0,41,0
1572,1BIAyVQxDuYrMqZ8H1Faja,S.P. Charan,677385.0,65,1
1573,1YypK4ExBm4UY1TRAOur8M,Diamond D,45142.0,44,3
1574,5l9wiTZVfqQTfMDOt0HtwC,Tiga,113551.0,46,0
1575,4m1yRHUMhvB8gKAJTjK4kO,Boombox Cartel,201702.0,52,0
1576,0Vvc9IZCESWE7HOhYvJ7yE,Raresy,17366.0,43,2
1577,68BnIBra7XHhtqHgLVCD4B,Cgoon,7505.0,42,2
1578,5h4HpujvLoTaqy2tkrs2DC,Televisor,30459.0,33,0
1579,41rVuRHYAiH7ltBTHVR9We,Slushii,636215.0,56,0
1580,1dqGS5sT6PE2wEvP1gROZC,Flatbush Zombies,1133762.0,57,3
1581,7MFJyevu6jq0shwDuVLymu,Justin Mylo,76661.0,49,0
1582,2fOvE1l01YyORhYzwoaLCM,Miraa May,52562.0,51,5
1583,1wiBLzTI7z9RUwEpNPdFT6,Mase,679487.0,65,3
1584,2jqTyPt0UZGrthPF4KMpeN,Bappi Lahiri,1022304.0,56,1
1585,4jWGfUCFeTu5e0wprRhHXR,Big Tymers,534338.0,53,3
1586,62k5LKMhymqlDNo2DWOvvv,Boys Noize,261410.0,52,0
1587,7zICaxnDB9ZprDSiFpvbbW,Master P,894785.0,55,3
1588,3LIJJJkO7R5RasRwt7xIn5,Mystikal,594430.0,56,3
1589,4NtCgQTnJh0sSI40PtVz1E,Baba Saad,54420.0,33,2
1590,3zuevuwyBq4MiQzPB3nvW2,Rogue,55329.0,45,0
1591,72WC8xxy0d9pz5L1O3BmJg,OGT,7614.0,46,2
1592,6d7AYr4nvqHPhfPaDLLeRU,Qulinez,50149.0,40,0
1593,6d9SnuHI2bRer7c76d8sLq,Bro Safari,154945.0,40,0
1594,3NJ94iuAmmMjbszODYT6pO,Subtronics,169364.0,59,0
1595,3k5fmZ4mSIJM5NP93dEt3L,Eazim,14514.0,48,2
1596,79v9Al6rSVH9SFk0QzzOl1,Rich Edwards,12893.0,38,0
1597,2Xu7q46Hf02xOoEIm4E1Qs,Big Pun,1121193.0,61,3
1598,1KGwASmnB2xhGcJGt9epDc,Tom Hengst,23652.0,49,2
1599,72iCiKwu6nu6Qq9emIwzYv,Kayzo,189361.0,56,0
1600,0FVj4JuzTyudaXAwfqDQ20,Autograf,105561.0,55,0
1601,3wjaprBWmoSJn4KP9tgkxt,M. G. Sreekumar,466482.0,60,1
1602,6NL31G53xThQXkFs7lDpL5,Rapsody,223422.0,53,3
1603,4FCzCS0KEgb0rgySWINItO,CID,93829.0,57,0
1604,7zm3aSdmGiOkTt0aZFSO8R,Wax Motif,77500.0,56,0
1605,0eVyjRhzZKke2KFYTcDkeu,The Alchemist,367990.0,66,3
1606,0o9qzOHuHkGZ3xMFKpMFkC,Black Tiger Sex Machine,134668.0,50,0
1607,68Ils6O5bSTA0JzHEjzXUe,Sangeetha,40210.0,40,1
1608,2VX0o9LDIVmKIgpnwdJpOJ,Erick Sermon,189817.0,50,3
1609,5Ld19xtpAR80G2boTcHaVx,Harrison Storm,131128.0,59,5
1610,6oSTtYd3B3OJubFU8mVhHQ,JHart,3726.0,42,5
1611,1EYD74wB45dOQXt27hh144,Unni Menon,728573.0,61,1
1612,3wPBMtzFP84b7UN786Sxhn,AN21,13687.0,33,0
1613,1HGMG8RHvcu1mfdM9MeTek,Sadhana Sargam,694174.0,66,1
1614,3WtrH1zNpzoPSz6XpwCh6y,Delilah Montagu,11603.0,49,5
1615,4L0JycQCCwKksT3G5SVApu,Shweta Pandit,2783.0,53,1
1616,4AMv8pVDwovphHQONz6eKP,Shahul Hameed,22679.0,48,1
1617,5yHnIri2Bj5Ysuaki6VOVy,Swapnil Bandodkar,681699.0,45,1
1618,7aFTOGFDEqDtJUCziLVsVC,Nao,583823.0,58,4
1619,5CE2IfdYZEQGIDsfiRm8SI,DJ Shadow,527250.0,61,3
1620,7b4qgFeygnbXxcH3cvKl1D,RAPK,29744.0,48,2
1621,2RE8NwNxsOyuNZDD0jRxHP,Kool Moe Dee,213008.0,52,3
1622,74S8YRi4XQ5yf9ToSzuY80,Sunitha,785087.0,52,1
1623,3nAdmhth5AczU6YwCJOlYh,Dropgun,74567.0,48,0
1624,4Wil7eB65FIL818mwO5dIc,Abhijeet Sawant,860535.0,42,1
1625,7jFaoqWPhYLrKzjzlpXmUO,David Banner,725997.0,52,3
1626,7zliF6Q946WznVk3ZMYhZX,The Sugarhill Gang,300043.0,52,3
1627,6TuVQLhn2QGz4ro1RAzXyc,Booz,15280.0,32,2
1628,3534yWWzmxx8NbKVoNolsK,Wolfgang Gartner,205506.0,46,0
1629,1htHgbGwgCWJBfGiQwcRqC,Dr. Fresch,91760.0,55,0
1630,7HdYRwq0eBn6AVhFpcI69H,Niqo Nuevo,32041.0,46,2
1631,25vU5DYwHIHhg1ViWV3SJq,Savoy,25435.0,37,0
1632,4zhIkiQG4uwX1aglCB89fQ,Karsan Sagathia,22242.0,43,1
1633,5jbcmPkWWDvnHws3S60EVd,Raman Mahadevan,58970.0,42,1
1634,4XOgtTx2nc2NMbPOwVw1Vz,Bharadwaj,555840.0,45,1
1635,1qF8DC6uIBjskqP0hyw1Gk,Maurice West,52660.0,54,0
1636,3TUNkjIHkcvEy9oeK2D4hU,Sean Roldan,268534.0,57,1
1637,1SAugjIcuwNPKS4urSB7A6,Joe Budden,432975.0,49,3
1638,39PhMWg1aAuuZcph0OXGu6,Deniz Koyu,96925.0,47,0
1639,5MbNzCW3qokGyoo9giHA3V,EARTHGANG,727758.0,67,3
1640,1DLsogyGi0pwPtwV78D8uZ,KDrew,65993.0,44,0
1641,714O3xvBNiclo82vxBn8Bf,k?d,63758.0,42,0
1642,0qBLXkziuBou13bmjY5z8i,Nanditha,16757.0,43,1
1643,1Bj395MP3AL2B6KouMzkFO,Case & Point,18788.0,35,0
1644,4Kw0NhqitzjxLy1jH5FlTg,Harish Raghavendra,820839.0,62,1
1645,7LJSAfWhO7jhjnewy6pKyZ,Kyle Watson,93862.0,49,0
1646,5TB837uKG65w8Jnz5D0bS5,Vidyasagar,1705331.0,55,1
1647,5mADpqv2E8KIHDmEhH7wmr,Figure,98988.0,39,0
1648,2UBt0GWBuPVXlPisRvWzlD,Dead Prez,151204.0,48,3
1649,2y8eOaQNjiIuITkz6zGfgL,Julian Calor,60121.0,43,0
1650,41BeeC5hYqvtGkM79RYvN4,Harini,358500.0,61,1
1651,6AMa1VFQ7qCi61tCRtVWXe,Jim Jones,599332.0,58,3
1652,4jbcqKzc4Wuy6MivHhzPrP,Cover Drive,96498.0,46,5
1653,3SYnDj7btg9gFY7ps8m5d5,RANI,13314.0,61,5
1654,38LgggGSwFlmHSG0VWsr4a,dusy,14338.0,46,2
1655,7G7KvDCLdVG0Ok511Iqc9U,Disco Fries,29202.0,50,0
1656,2MGT7CYlixSPxAnnkhLpaA,Next,1027346.0,55,3
1657,1hHhlYmo4C03IoCJ7RnpS2,Eminence,19116.0,32,0
1658,4LZ4De2MoO3lP6QaNCfvcu,Said The Sky,251473.0,58,4
1659,5ixQ5hSywFLUaxoaA0uVaH,Anand Raj Anand,693782.0,58,1
1660,0p9SPN0Vhv6aDRZCz4W13E,JORDY,107793.0,55,5
1661,66MrdPDHTjnnMOTBmC81q5,Thomas Newson,59655.0,47,0
1662,6iBOcuDTJKItKor6YfzZa9,Hard Rock Sofa,42469.0,31,0
1663,06VibSJEr3GLxLBBZhRums,Dion Timmer,100490.0,50,0
1664,4mDTB962RcRuArrhQazgOG,Vato Gonzalez,26564.0,41,0
1665,4oLZx5FplbgfM8DEe9U8LB,Camp Lo,134312.0,47,3
1666,6MoG33ssSzwwE3YJS4e6hu,Mahendra Kapoor,417858.0,48,1
1667,22hTOnub1VZYjuQultOi4Q,Minmini,17261.0,48,1
1668,1a6oIpEh4DGgaqgWg5xwd3,Ganja White Night,173439.0,52,0
1669,2DuJi13MWHjRHrqRUwk8vH,Knife Party,891458.0,54,0
1670,7MDmRUuLmi5m5mz9Ux2IWM,Krishnaraj,28708.0,46,1
1671,3zFaWPA8Jobgf5egh38KD2,Kool Keith,73490.0,44,3
1672,4Qpbhxe0sO2zhvUVfODdZw,Pankaj Udhas,2432976.0,57,1
1673,5FxD8fkQZ6KcsSYupDVoSO,Omar Apollo,580014.0,72,4
1674,4bXUaTjc7TQTvLqqCAlfYt,Jack Back,73436.0,50,0
1675,51FyBBOW464toW099BsW8z,Tha Eastsidaz,470581.0,48,3
1676,2XiiUuK68XNdHaHOAF5hnT,Curbi,154876.0,57,0
1677,7GNoTWm5VObvMUeS0Wkueu,Sudesh Bhosle,24222.0,48,1
1678,0RMeG9M8QFzss9bAbq99KA,Maddix,51481.0,52,0
1679,4VqBNQRr0nDN0trNUOn0co,WRLD,67104.0,46,0
1680,5ASWBtbVe1yfxjrCuREQ4p,Ibranovski,25627.0,32,0
1681,0LIl9fjMPEZp8UDiL8Yuo4,4B,72427.0,45,0
1682,6CWBs7ul78QwnBrcOCwhf5,Sagar,664534.0,53,1
1683,06EfEcjc0vdvI6VNL0soIO,Rameses B,94653.0,48,0
1684,0EdUwJSqkMmsH6Agg3G8Ls,Marten Hørger,35319.0,54,0
1685,2vYWyXs1PJbycPBdTstmHH,BABYJOY,14455.0,45,2
1686,3NgwMzys77S7sgfh2W5k0V,WC,382298.0,49,3
1687,24neLwyYRyj4ItaGnFeIT0,JOYRYDE,190142.0,50,0
1688,6aiFCgyKNwF9Rv5TOxnE8E,IDK,367762.0,62,3
1689,2tKDLqWxsyXDmWoA4tHspF,Dr. Ozi,36762.0,33,0
1690,09Swfzp0iwV8Yxe1Ngzf6v,Bijibal,198343.0,50,1
1691,01olvHW7uzIInQx9VTNuJm,Rootkit,51081.0,46,0
1692,4h9FRbQ7cXJd05ZsPDUa8Y,TaiMO,65170.0,43,2
1693,51d3rUlLuMh7EW09aMe7yj,B2K,710458.0,53,3
1694,3NwcP2GO2sZZS2BVvWcc9T,Kura,82890.0,46,0
1695,3DWbhNPz642SpTneSTHJv7,Labh Janjua,216771.0,53,1
1696,7IVgVM49Z4ztdmOqOIxhvP,Toby Green,28560.0,45,0
1697,3yS84AjNFqhmuJlIXy7sax,Laxmikant–Pyarelal,216025.0,62,1
1698,5bv6NvAYNuvd2Vq13nHdG3,Sona Mohapatra,534107.0,57,1
1699,78YRbJhMi5kXKruiQGCJo7,Étienne de Crécy,105007.0,44,0
1700,6eMFGgGDh5iXU1POAK0cpe,Suraj Jagan,76470.0,52,1
1701,6z7xFFHxYkE9t8bwIF0Bvg,Boosie Badazz,1987461.0,64,3
1702,2ijWbN5KykTYiBoVmhzCTU,Jagjit Singh,1993548.0,60,1
1703,40WIa01eubnEVkxUHeDZyF,Au5,95543.0,47,0
1704,42JXgGiu2LTDSipxPcxKtH,Young Pirate,6410.0,35,2
1705,03MVmfitJTVJIxYmObhQn9,Dyro,201272.0,53,0
1706,1GmsPCcpKgF9OhlNXjOsbS,Lizzy McAlpine,296362.0,68,4
1707,5dNqUwGTZcQQ09ecTKkCGH,Dirt Monkey,60110.0,42,0
1708,6eUtrZgzxqbV7zMxzN3Sz2,twoloud,161180.0,48,0
1709,7xTKLpo7UCzXSnlH7fOIoM,Redman,1002536.0,64,3
1710,6AGpEBef2eN2Ew8tTvvlUC,Menoa,2916.0,44,2
1711,4K4N32uNO1VRSY4hB7v8kg,Anushka Manchanda,83261.0,52,1
1712,6Uh8uJyN9g7oFjDK16nJgb,Juelz Santana,721448.0,63,3
1713,4jWzNq3sdzSpqn7BnzvIKn,Memphis Bleek,337298.0,51,3
1714,4Ck46WZxqzpKUInvcgVF1C,YFG Pave,9612.0,45,2
1715,1KeJhR0ENFviw187pD4LPT,Blu,135576.0,52,3
1716,01y8iBZYk8aeNfPsuTVrAt,Sody,132520.0,58,5
1717,0m6f0nNS9GEq41eIJ288ff,Kelli-Leigh,16613.0,50,5
1718,3wZBspj86lRk2XLf4gfnSE,Shruti Pathak,46980.0,59,1
1719,1ocnIbhFWM9bSPrd7Hu4zF,Punctual,21251.0,59,0
1720,6STjC3QJTieuM5WHHtkGuh,Raven & Kreyn,28762.0,48,0
1721,31DUXycJt0YIBoMXLI5UdV,Trampa,64879.0,37,0
1722,29aw5YCdIw2FEXYyAJZI8l,Harris Jayaraj,4272346.0,70,1
1723,4Wjf8diP59VmPG7fi4y724,Cedric Gervais,97662.0,63,0
1724,0ETJQforv5OXgDgidQv9qd,HI-LO,93484.0,53,0
1725,31fDaUsley7Ms790N4CcSv,Bhupen Hazarika,53293.0,35,1
1726,01Rh6oei872W6mW6Zz0ueQ,Payman,28816.0,47,2
1727,4pr7J7wzgObkE3DD3Izi7q,Young Buck,905260.0,60,3
1728,4x7gxsrTH3gThvSKZPPwaQ,Chuckie,133636.0,45,0
1729,1WZzOhfTSBhNUvIWvnPe7H,Nishad,54563.0,23,1
1730,0FWzNDaEu9jdgcYTbcOa4F,3OH!3,885388.0,62,4
1731,2Ah48tA0TPqph0m9snNNxM,Gayathri,21410.0,42,1
1732,2p0Hf0MF8Nw8lwAXokczf0,Smif-N-Wessun,172778.0,45,3
1733,4rJY6amSC7TWtV9oifBnrS,Job Kurian,158253.0,50,1
1734,68ePdYvtRgq9CiPzv6fapI,Salman Khan,590020.0,56,1
1735,2YkKzgHa7xT6aW8QaSsQMd,Kitty Kat,75248.0,50,2
1736,3WvaO5fW18CP97Q116L4od,Ulysse,11318.0,34,2
1737,4EkSOXM6psqNE4w6j0tEEl,Abida Parveen,739982.0,48,1
1738,43G7qlx7v7OGJJrUTXIqLq,Ivy Adara,109403.0,46,5
1739,29DWvZyWy1yvU8jpIePBYi,Loge21,16984.0,32,0
1740,7LnwWFXxll1g0R4MTJCUEH,Vidhu Prathap,751540.0,49,1
1741,5mVWu2Ofpm2mlEpuMm3b4Q,KUURO,48484.0,49,0
1742,5wXcLr5v9cv5IAPkcFBvBT,Pop Shalini,26267.0,48,1
1743,6DJEUXZm0e2rAohdoZ5Voo,Black Thought,190045.0,62,3
1744,2uocTdMBXjTsS7QmAj7src,Vineeth Sreenivasan,739844.0,60,1
1745,3F2Y683ovlWT53WKCeq0oj,Goodie Mob,233382.0,47,3
1746,6HqfbxY0cxZy5BKhErEnqy,Timu,9810.0,33,2
1747,7mlyuQNP02Vp1Jyio9KJrO,Pushpavanam Kuppusamy,29137.0,46,1
1748,1EKK9k0IAwV1oeJfZITSYo,Madhushree,9889.0,62,1
1749,2tzF6oqhO3yQi2IYvxVXV2,TOMOS,952.0,28,5
1750,1ZwuShKjJItDJez0aDCsxN,SHELLS,9108.0,55,5
1751,1rHOtdmGNr5vcYNw5v7QGC,Kenny Beats,130815.0,66,3
1752,4zYX8Aa744hQ5O2hpAYQI3,Mike Cervello,44094.0,40,0
1753,0BEYTctVmnYa5yStp4Jpab,Destructo,58150.0,47,0
1754,4YLQaW1UU3mrVetC8gNkg5,3LAU,329978.0,56,0
1755,0gXDpqwYNDODn7fB0RDN8J,Mohammed Rafi,4179131.0,66,1
1756,7736EnPtEY9r0YWQD1gnaa,Ocboyblau,5619.0,46,2
1757,5as8A4G47Ohu9NSWs3Je8U,Asha Bhosle,4061113.0,67,1
1758,0Mz5XE0kb1GBnbLQm2VbcO,Mos Def,1264061.0,65,3
1759,4E2rKHVDssGJm2SCDOMMJB,Doechii,150109.0,62,4
1760,3qdu3XhzSzkRhbwdFKnSuw,Sajid-Wajid,1533298.0,52,1
1761,7M36d288DmtnBCSpIbPTu1,PEPO,10666.0,43,2
1762,0mV4UQ0gHg59AAUtg968pX,Unnikrishnan,1259547.0,61,1
1763,1ic0FHNGIjXZAWH6O6Reif,Ship Wrek,54077.0,57,0
1764,1PlWf6idMAz65Luiq6aOY9,Stela Cole,117583.0,59,4
1765,0gBvuNzrFCOVaiyKexoYMH,Todrick Hall,372591.0,58,4
1766,5pOYIshq4ZLnVBEuw8sF6f,Gavin Haley,43543.0,48,5
1767,1N9n8MSxrr4Emhb566493b,Morgan Page,141838.0,58,0
1768,6mEmqd3xNCZMfesS9TzArL,Manohari Singh,16637.0,27,1
1769,27fy6rHPC58Eo2VUu0iJSG,Lookas,69211.0,56,0
1770,3PyWEKLWI0vHPmoNrIX0QE,Rakim,737681.0,57,3
1771,08PvCOlef4xdOr20jFSTPd,Flo Milli,487694.0,66,4
1772,7h2Y48bG543JDzEed383cx,Tinchy Stryder,183346.0,47,5
1773,5qERXbPWPdUePjrAW00vuU,Raj Barman,403958.0,56,1
1774,4lnwcv2fzQL7Y7bguVBvQ9,The Brig,15891.0,31,0
1775,2Tu9UYtD5IQF84gTZsM9PO,G Venugopal,243842.0,42,1
1776,4BBdp811wrWrr1zk9dENUE,Pamela Jain,97908.0,50,1
1777,6PyJhjTC2Fk0cQTPvA5Edx,Viju Shah,217847.0,33,1
1778,6yJ6QQ3Y5l0s0tn7b0arrO,JPEGMAFIA,520890.0,62,3
1779,5v8ZROs9c26k4yGMxUkebt,Jack Wins,36784.0,53,0
1780,7FaGCZiP3s6X7jQTB8EhfI,Naresh Iyer,681314.0,64,1
1781,3M8OKPsQvP1U8WkG5lY4Vy,Shabbir Kumar,124801.0,49,1
1782,5PIdjtNMwJgYituTP77U3X,Nate57,202114.0,47,2
1783,1wnrdpW8B0rNCtX5uOSIVL,Coyote Kisses,32184.0,38,0
1784,6KVPfr3ujUkKOrJf4QeRWD,Capone-N-Noreaga,292157.0,47,3
1785,2IA2rAfPyDDhqqcu6UaSOM,Don Rimini,6389.0,17,0
1786,0lqxqV3IhQXO5czq1d0ZfJ,Rickyxsan,33388.0,32,0
1787,6wsjNADP7oFba0tf4UywrP,Mc Smook,3558.0,28,2
1788,6NyJIFHAePjHR1pFxwisqz,Kurupt,586579.0,61,3
1789,5hW7KULTxMzCDnqaV7LASR,Nazia Hassan,127265.0,45,1
1790,1GXnXJCevXK2b7qDAwdU5u,Tua,54724.0,43,2
1791,6UPWm7jqlonf0Xy4EB3x2m,Nithyasree Mahadevan,51922.0,45,1
1792,57FWjr32rSTzLcG5DIowkb,Altaf Raja,187058.0,51,1
1793,6OtSnLYtKgJTIzcNjkK4Zn,Instant Karma,196211.0,23,1
1794,1FvjvACFvko2Z91IvDljrx,Mick Jenkins,550403.0,60,3
1795,78Rk1F0jGdipWWfrhyWwt3,Patrick Droney,64943.0,56,5
1796,16L1SS4OancaZUTu3qWqHb,Jay Dee,30310.0,39,3
1797,0Ut5FcDeEgaM9PM3LvnH6j,Dillon Nathaniel,16652.0,36,0
1798,5uiDE9y1o7EEyDbNBo6vl9,Drezo,60323.0,40,0
1799,6wlk4iqaEgEvADMVG6QMd8,James Gillespie,71579.0,55,5
1800,6FQaZw8ID8pCzhWhqDcOQT,Sevi Rin,11992.0,50,2
1801,2SHmJ9pvh1h1TXu2WulzL4,Going Deeper,20589.0,52,0
1802,1YYJxpOXYk1z1WtqdeLMkn,Habstrakt,107977.0,54,0
1803,4mHAu7NX2UNsnGXjviBD9e,Brooks,318870.0,58,0
1804,039dmmH0fdQTlvXC0zGlQx,Biju Narayanan,109015.0,44,1
1805,7IfculRW2WXyzNQ8djX8WX,Erykah Badu,2454133.0,64,3
1806,6f5kUMXGROFtdAtxXZwing,Wajid,725044.0,53,1
1807,5rG00A9pRANrMDzVI3DrmF,DLMT,29483.0,49,0
1808,2L8yW8GIoirHEdeW4bWQXq,TJR,148436.0,53,0
1809,5s4EGgZl6O8Y7p9KDGnL0f,M. S. Viswanathan,170166.0,33,1
1810,2fizRsm6KDWZvysU00yZrX,Strings,956005.0,42,1
1811,2KYWcjtMcKmqEWjpjB6XpT,Malavika,198648.0,43,1
1812,6dgPKPKtpOXxPpMe8STn1N,Gayatri Iyer,262.0,44,1
1813,4DqSAnlpn10M4pHUFPEt4E,Blaaze,4989.0,54,1
1814,50NoVNy9GU1lCrDV8iGpyu,Ol' Dirty Bastard,845779.0,64,3
1815,0XL6ie7a0NY5FM05b9Rn5L,Farhan Akhtar,2437414.0,56,1
1816,6AVkYjGMj3XVS2unAVeKSU,Sharaktah,14165.0,47,2
1817,4OmN6Ve9seRvN4gVcwjCGW,Xam651,12332.0,48,2
1818,6NFRBhq9SmNn1FAiRs9AEf,Amber Van Day,15988.0,55,5
1819,7GQsOji7pfixzkLt63awo5,Tony Romera,23716.0,47,0
1820,3XoTY8az7uO60cs72LN1K6,Fergy53,26448.0,48,2
1821,6ObN9YNBliscJOImQp4UZO,Bow Anderson,24851.0,56,5
1822,4Nl6PVYLwbCFfr3UqQlFtE,VOLAC,53932.0,49,0
1823,5O9MafawyW4O2WhJQKXj2d,Dustycloud,42607.0,45,0
1824,1EAFXic0Cfiwpe7nSuTrGL,Cesqeaux,65402.0,40,0
1825,5x2u5vpKBhviWQlni8VM8L,Justin OH,10896.0,33,0
1826,6mxY3ekITToaEK2XGtaock,Avadhoot Gupte,423766.0,46,1
1827,5xLhn0Pjced0oiBuLUISr3,Deepak Dev,199610.0,52,1
1828,0hxW1uZPEjt4wuu9wNDF2y,Matt Nash,56724.0,46,0
1829,4GMgdB3vwbBOc42hbXEi9p,N.O.R.E.,355834.0,55,3
1830,24WPEGLYPvEsmk4GSDFyST,Jordan Mackampa,83329.0,52,5
1831,4GWqzTTt2uA9Ms6HfUhWUn,Florian Picasso,60148.0,42,0
1832,1EibrdGchIU1GIgiqJR25K,Melody Thornton,8394.0,34,5
1833,0YsLR3SQd5QTXAhGIGX7cl,Del The Funky Homosapien,264138.0,52,3
1834,1dVygo6tRFXC8CSWURQJq2,Sonu Nigam,9506056.0,73,1
1835,5Qi4Bb7a8C0a00NZcA77L0,D12,2486513.0,65,3
1836,4ClziihVpBeFXNyDH83Lde,UMI,740919.0,63,4
1837,7us9kFadl2fztbHSvlNk6M,Ryos,23085.0,50,0
1838,56coS2IZSVdhIlHyzR75mK,Botnek,27557.0,36,0
1839,0mfLpC2Nx0T8J4NSMNL9wO,Almany,2758.0,29,2
1840,1bpzpALZwOoKXzwMg2i8WB,Dirty South,216876.0,48,0
1841,6mmSS7itNWKbapgG2eZbIg,Knock2,17069.0,50,0
1842,13M1OXRslYiaRoeaUx75uY,Achu,374521.0,49,1
1843,50kceDjknh0CjwOko7kx7V,Jewelz & Sparks,68938.0,41,0
1844,6UWui6Csqc1ywqnDzjOWnk,Kid Travis,86054.0,59,4
1845,1IeJ7wOH2CgIca4B1CBikF,Dharan Kumar,249112.0,48,1
1846,5D7j3YOhscvrld2WzjSIpN,Phife Dawg,39603.0,39,3
1847,35sCXuy5gN6Or69rZ9vqBs,Birdman,1099976.0,63,3
1848,4XH5qVwKcWRS0Z6tr85exf,ALRT,16387.0,40,0
1849,74ycentHh1YZrW5x4PLnox,Wolfpack,37456.0,47,0
1850,6O2zJ0tId7g07yzHtX0yap,Mobb Deep,1660838.0,66,3
1851,5oiSxivTCIoOk5UlMSwzWM,TYNAN,48295.0,39,0
1852,1yShtQaHjChbToQboKRzgH,ShockOne,50138.0,47,0
1853,1pRruDTNcEFpBPvpFZU76o,Rupam Islam,90480.0,38,1
1854,08rMCq2ek1YjdDBsCPVH2s,Amerie,817603.0,55,3
1855,3USpNaxpX1iNqNnQWqg9ob,Mack 10,606562.0,56,3
1856,02Ok0rA4DUmpWuALgD54iY,Joel Baker,13407.0,38,5
1857,3JKrNnhjEv9h3fyKhQpylb,Aidan Martin,25782.0,45,5
1858,0tMbQtD3YwrVFk9Lb6abmB,A*M*E,2649.0,45,5
1859,5CYAFhywQTXdZmppCp0ukd,Claude VonStroke,115225.0,45,0
1860,5zfDGV6C2Xwns1g773GF3N,Magnificence,41395.0,39,0
1861,5tIkXJTex4JY7cv9mmgAZx,Ruelle,522141.0,63,4
1862,5aBWZE8TOaaA9O50ENS3EM,Ivan Gough,38545.0,47,0
1863,3qnMl4DHT4gndzFAcG4FlM,Kill The Noise,405166.0,56,0
1864,5gXNY1o9BtajaZfYJVXQrv,Other People's Heartache,15860.0,34,5
1865,61JrslREXq98hurYL2hYoc,Lata Mangeshkar,6268615.0,73,1
1866,7guD32ltIhsA1tHdf7IVe0,Babul Supriyo,634767.0,51,1
1867,2woivlckW1wdml7zq1WW6e,Huntar,19071.0,34,5
1868,0To8tjDBkD8g2KMw2oGKT0,Nessa,7034.0,29,2
1869,1xfLBmx0n8DQri9HxJsq9O,Kryder,36218.0,49,0
1870,6EqFMCnVGBRNmwPlk2f3Uc,AC Slater,92183.0,52,0
1871,5zExRf0VQCl3GO4Jrj8r0s,The Toxic Avenger,90610.0,48,0
1872,1JhiIIXT9DWqEU3BYFZwGA,MOTHICA,240951.0,60,4
1873,30NurbfluCXaPopaY1QhDV,Kidnfinity,11664.0,37,2
1874,0CKa42Jqrc9fSFbDjePaXP,Big K.R.I.T.,872183.0,59,3
1875,3m49WVMU4zCkaVEKb8kFW7,Ilaiyaraaja,6018379.0,64,1
1876,2jGvmFH6YE352p9LKmuB0y,Manse,28578.0,44,0
1877,4e7qJTThm5uI3CplqZObfT,Birdy Nam Nam,120202.0,50,0
1878,1kwRrQDCpXpVliMDntpxCt,Tom Budin,24206.0,46,0
1879,629Fs7UJp6tWqOYZi8t8ET,Alpharock,56443.0,34,0
1880,3wRQD6UZWlaWEnbgpIEPPX,Cazztek,29446.0,30,0
1881,34krK3AW06onvB0x7mfkkN,Terravita,72373.0,36,0
1882,2RWMTZ0AXNLBbTT2Evtbdj,Arrow Benjamin,6147.0,50,5
1883,1ldNdtZX38LAsOk0ciLvb2,F.O.O.L,63995.0,49,0
1884,56w356OnIbrmFsOFcx3NQN,Violet Skies,39056.0,40,5
1885,4AT7XlLBevgZIiKvZQ83ye,Trivecta,56636.0,50,0
1886,7jocoSCuCtpCxCI6IbP8ye,Digital Underground,453326.0,55,3
1887,2IUtwMti1OiT3lkW6RubgH,K. S. Chithra,2271789.0,71,1
1888,5o2KBzYUFierWmBhSemAhq,Ace Aura,24837.0,42,0
1889,2cbnuG01tV93pqdfr4OBqL,Sadiq,30472.0,42,2
1890,7aA592KWirLsnfb5ulGWvU,Danny Brown,710056.0,59,3
1891,2bwR166mSJEJrYJqfyust3,Keith Murray,185295.0,47,3
1892,4TqmaFJYM8SvuhrunxpmT3,Spice 1,299642.0,48,3
1893,5jdx9iK9rdclHYrd80tPna,absent,37701.0,51,2
1894,2XGaD0VuieQxr4zvfjDzmC,XAVER,9774.0,43,2
1895,6x9QLdzo6eBZxJ1bHsDkjg,Sisqo,806274.0,58,3
1896,5DKuVtlpDH0agZQUFDy8O7,Pharoahe Monch,210401.0,53,3
1897,7x6XwopgxWpVKTUiDSwRaN,Aisha Vibes,8117.0,39,2
1898,5spEJXLwD1sKUdC2bnOHPg,Bone Thugs-N-Harmony,2398351.0,65,3
1899,57cAxOmmlpgjNDQovRUuXA,Designer Drugs,11213.0,42,0
1900,3zpKjsMg2gw1St5WcWoUJN,EPMD,345603.0,52,3
1901,34EP7KEpOjXcM2TCat1ISk,Wu-Tang Clan,2492203.0,68,3
1902,6SB5UphuaZWdz8u7a9TlmY,IND1GO,12136.0,43,2
1903,2htToCUWzqrvOX6ISJY1nd,The D.O.C.,368549.0,42,3
1904,548YUkLaLzti0BLqaWpn1W,Ephwurd,51808.0,39,0
1905,7i8fq2gFSVgPdWVXOlDEx7,Liv Dawson,59351.0,44,5
1906,6XypcJDBmfuRjq52PFUVwd,Rahul Vaidya,165698.0,48,1
1907,413Q41cUdyDSRGezXozb54,Tom Aspaul,12018.0,41,5
1908,7btarWoKEG5z3ndq0g4XFQ,Teflon030,9637.0,38,2
1909,4q7O0NIvhz0G1IgyfOmdcz,Swanand Kirkire,95608.0,49,1
1910,67hGTEU1yZFyiY77m1Dxyn,Krishna Iyer,192.0,42,1
1911,2zBfaKlnvbJ6RwumLQm4Uf,JONNY5,64340.0,49,2
1912,1dy5WNgIKQU6ezkpZs4y8z,ROLE MODEL,376638.0,63,4
1913,5RBdF1pJSLF3ugc2Y2PoB8,Savant,162697.0,42,0
1914,3vDUJHQtqT3jFRZ2ECXDTi,Lloyd Banks,1169289.0,64,3
1915,7r29hnM0AiX10xqC7WKXh0,Mädness,18591.0,40,2
1916,3E61SnNA9oqKP7hI0K3vZv,CALVO,70042.0,53,0
1917,2dHiQ5ggS4E4VguS5f9Ap4,Rimi Tomy,300705.0,45,1
1918,3BeQqzKdlARoOd6y30kCO2,Pete Rock,298190.0,53,3
1919,3a9qv6NLHnsVxJUtKOMHvD,The Glitch Mob,538974.0,61,0
1920,6JtWu7EQUhFCLNZU92kq1o,Schoolboy,10153.0,25,0
1921,2zGP2SUtwsDhdyYzf0kKp8,Vaishali Samant,1030566.0,50,1
